ID,Year_Birth,Education,Marital_Status,Income,Kidhome,Teenhome,Dt_Customer,Recency,MntWines,MntFruits,MntMeatProducts,MntFishProducts,MntSweetProducts,MntGoldProds,NumDealsPurchases,NumWebPurchases,NumCatalogPurchases,NumStorePurchases,NumWebVisitsMonth,AcceptedCmp3,AcceptedCmp4,AcceptedCmp5,AcceptedCmp1,AcceptedCmp2,Complain,Response,Family_Size,Income_PerCap,Total_Spent,Prop_Spending_Income_pc,Total_Puchases,Avg_Ticket,Age
5524,1957,Graduation,Single,58138.0,0,0,2012-09-04,58,635,88,546,172,88,88,3,8,10,4,7,0,0,0,0,0,0,1,1,58138.0,1617,0.027813134266744644,25,64.68,57
4855,1974,PhD,Together,30351.0,1,0,2013-06-06,19,14,0,24,3,3,2,1,3,0,2,9,0,0,0,0,0,0,1,3,10117.0,46,0.004546802411782149,6,7.67,40
5899,1950,PhD,Together,5648.0,1,1,2014-03-13,68,28,0,6,1,1,13,1,1,0,0,20,1,0,0,0,0,0,0,4,1412.0,49,0.034702549575070823,2,24.5,64
2114,1946,PhD,Single,82800.0,0,0,2012-11-24,23,1006,22,115,59,68,45,1,7,6,12,3,0,0,1,1,0,0,1,1,82800.0,1315,0.015881642512077295,26,50.58,68
6565,1949,Master,Married,76995.0,0,1,2013-03-28,91,1012,80,498,0,16,176,2,11,4,9,5,0,0,0,1,0,0,0,3,25665.0,1782,0.06943308007013442,26,68.54,65
1993,1949,PhD,Married,58607.0,0,1,2012-12-23,63,867,0,86,0,0,19,3,2,3,9,8,0,1,0,0,0,0,0,3,19535.67,972,0.0497551402127493,17,57.18,65
1966,1965,PhD,Married,84618.0,0,0,2013-11-22,96,684,100,801,21,66,0,1,6,9,10,2,0,0,1,0,0,0,0,2,42309.0,1672,0.039518778510482404,26,64.31,49
5710,1970,Graduation,Together,40548.0,0,1,2012-10-10,31,110,0,5,2,0,3,2,2,1,4,5,0,1,0,0,0,0,0,3,13516.0,120,0.008878366380585973,9,13.33,44
7373,1952,PhD,Divorced,46610.0,0,2,2012-10-29,8,96,12,96,33,22,43,6,4,1,6,6,0,0,0,0,0,0,1,3,15536.67,302,0.019437884694725446,17,17.76,62
2968,1943,PhD,Divorced,48948.0,0,0,2013-02-01,53,437,8,206,160,49,42,2,7,10,5,6,1,0,0,0,0,0,1,1,48948.0,902,0.01842771921222522,24,37.58,71
9909,1996,2n Cycle,Married,7500.0,0,0,2012-11-09,24,3,18,14,15,22,50,3,3,1,3,9,0,0,0,0,0,0,1,2,3750.0,122,0.03253333333333333,10,12.2,18
2225,1977,Graduation,Divorced,82582.0,0,0,2014-06-07,54,510,120,550,156,40,241,1,4,9,7,1,1,0,0,1,0,0,1,1,82582.0,1617,0.019580538131796277,21,77.0,37
6260,1955,Master,Together,82384.0,0,0,2012-11-19,55,984,51,432,180,120,190,1,3,10,13,1,0,0,1,0,0,0,1,2,41192.0,1957,0.047509225092250924,27,72.48,59
10383,1966,Graduation,Divorced,70287.0,0,0,2013-04-02,30,295,35,482,121,120,40,1,5,5,10,3,0,0,0,0,0,0,1,1,70287.0,1093,0.015550528547242022,21,52.05,48
6853,1982,Master,Single,75777.0,0,0,2013-07-04,12,712,26,538,69,13,80,1,3,6,11,1,0,1,1,0,0,0,1,1,75777.0,1438,0.018976734365308733,21,68.48,32
8082,1971,Graduation,Married,25721.0,1,0,2013-05-21,75,1,3,6,3,6,15,1,1,1,2,7,0,0,0,0,0,0,1,3,8573.67,34,0.0039656296545120115,5,6.8,43
9369,1979,2n Cycle,Single,88194.0,0,1,2014-03-19,19,688,14,309,201,24,38,1,11,10,10,5,1,0,0,1,0,0,1,2,44097.0,1274,0.028890854253123797,32,39.81,35
8132,1975,PhD,Married,60631.0,1,1,2013-04-05,88,565,6,65,0,6,19,5,9,2,8,7,0,1,0,0,0,0,0,4,15157.75,661,0.04360805528525012,24,27.54,39
1859,1972,Master,Married,75251.0,0,0,2012-08-27,34,721,111,925,97,18,18,1,7,6,5,5,0,0,0,0,0,0,1,2,37625.5,1890,0.050231890606104904,19,99.47,42
7503,1976,Graduation,Single,75825.0,0,0,2012-10-12,40,1032,105,779,137,105,51,0,5,8,9,4,1,0,0,0,0,0,1,1,75825.0,2209,0.02913287174414771,22,100.41,38
1618,1965,Graduation,Together,56046.0,0,0,2013-01-02,9,577,0,64,0,0,51,2,10,1,8,8,1,0,0,0,0,0,1,2,28023.0,692,0.024694001356028977,21,32.95,49
273,1970,Master,Married,36138.0,1,1,2013-07-16,48,130,0,16,0,0,5,5,3,1,4,7,0,1,0,0,0,0,0,4,9034.5,151,0.016713708561624883,13,11.62,44
4452,1957,Graduation,Single,50388.0,0,1,2014-05-28,3,292,6,37,0,3,34,4,6,1,6,7,0,1,0,1,0,0,1,2,25194.0,372,0.014765420338175756,17,21.88,57
8504,1973,Graduation,Married,79593.0,0,0,2014-05-12,70,350,60,568,110,133,145,1,5,6,7,2,0,0,1,0,0,0,0,2,39796.5,1366,0.03432462653750958,19,71.89,41
7247,1960,Graduation,Widow,47916.0,0,1,2012-11-22,72,505,0,26,0,0,75,5,7,4,6,6,0,1,0,0,0,0,0,2,23958.0,606,0.02529426496368645,22,27.55,54
4646,1951,2n Cycle,Married,78497.0,0,0,2013-12-01,44,207,26,447,75,0,223,1,5,7,12,2,0,0,0,1,0,0,0,2,39248.5,978,0.024918149738206555,25,39.12,63
8908,1959,Graduation,Married,87195.0,0,0,2014-05-08,35,217,76,690,50,26,38,1,3,11,5,1,0,0,0,0,0,0,1,2,43597.5,1097,0.02516199323355697,20,54.85,55
7431,1991,PhD,Single,68126.0,0,0,2012-11-10,40,1332,17,311,23,51,86,1,7,4,5,9,0,1,0,0,0,0,1,1,68126.0,1820,0.026715204180489095,17,107.06,23
3267,1963,Master,Together,57288.0,0,1,2014-06-25,27,527,0,21,0,0,60,3,8,1,8,6,0,1,0,0,0,0,0,3,19096.0,608,0.031839128613322165,20,30.4,51
999,1991,Graduation,Single,86037.0,0,0,2013-01-02,95,490,44,125,29,20,22,1,6,7,11,3,0,1,1,0,0,0,1,1,86037.0,730,0.008484721689505677,25,29.2,23
1592,1970,Graduation,Married,90765.0,0,0,2014-01-24,25,547,99,812,151,82,33,0,4,6,5,1,0,0,1,1,0,0,0,2,45382.5,1724,0.03798821131493417,15,114.93,44
6205,1967,Master,Single,32557.0,1,0,2014-02-24,13,34,3,29,0,4,10,3,2,1,3,5,0,0,0,0,0,0,1,2,16278.5,80,0.004914457720305925,9,8.89,47
7215,1983,Graduation,Single,101970.0,0,0,2013-03-12,69,722,27,102,44,72,168,0,6,8,13,2,0,1,1,1,0,0,1,1,101970.0,1135,0.011130724722957733,27,42.04,31
11071,1984,Graduation,Single,79607.0,0,0,2013-04-21,37,450,133,951,173,0,216,1,3,6,6,1,0,0,0,0,0,0,1,1,79607.0,1923,0.024156167171228662,16,120.19,30
1685,1967,PhD,Together,62981.0,0,0,2013-03-17,21,796,14,590,38,44,0,1,4,5,13,3,0,1,0,0,0,0,0,2,31490.5,1482,0.04706181229259618,23,64.43,47
7660,1973,PhD,Single,35860.0,1,1,2014-05-19,37,15,0,8,4,2,20,2,1,1,2,5,1,0,0,0,0,0,1,3,11953.33,49,0.004099276101303988,6,8.17,41
11084,1976,Master,Together,65104.0,0,1,2013-11-14,4,738,0,232,13,20,50,2,3,5,7,7,0,0,0,0,0,0,1,3,21701.33,1053,0.04852237167030776,17,61.94,38
10837,1975,Graduation,Married,23957.0,1,0,2012-10-28,47,2,1,18,20,11,16,1,2,0,3,6,0,0,0,0,0,0,1,3,7985.67,68,0.008515252946841028,6,11.33,39
7987,1969,Graduation,Married,65747.0,0,1,2014-03-07,96,346,17,48,23,13,13,4,8,1,6,6,0,1,0,0,0,0,0,3,21915.67,460,0.02098954766155906,19,24.21,45
10240,1949,Graduation,Together,69372.0,0,0,2013-02-19,10,997,26,269,34,13,42,1,10,4,6,4,0,1,1,0,0,0,1,2,34686.0,1381,0.0398143343135559,21,65.76,65
10573,1953,Graduation,Divorced,62551.0,0,0,2013-11-18,27,125,16,98,134,21,27,1,6,7,4,3,1,0,0,0,0,0,0,1,62551.0,421,0.006730507905549072,18,23.39,61
3712,1959,Graduation,Divorced,52332.0,0,0,2013-08-28,63,212,5,33,7,0,2,1,3,2,6,4,0,1,0,0,0,0,0,1,52332.0,259,0.004949170679507758,12,21.58,55
641,1967,Graduation,Single,52074.0,0,1,2014-04-04,77,59,0,12,0,0,48,1,2,2,2,4,1,0,0,0,0,0,0,2,26037.0,119,0.004570419019088221,7,17.0,47
10314,1948,PhD,Married,83837.0,0,0,2012-12-16,79,847,66,119,86,89,111,1,9,10,5,4,0,1,0,1,0,0,1,2,41918.5,1318,0.03144196476496058,25,52.72,66
6935,1951,2n Cycle,Married,78497.0,0,0,2013-12-01,44,207,26,447,75,0,223,1,5,7,12,2,0,0,0,1,0,0,0,2,39248.5,978,0.024918149738206555,25,39.12,63
9733,1978,Basic,Together,24882.0,1,0,2012-09-09,52,1,4,10,29,0,36,1,1,1,2,6,1,0,0,0,0,0,0,3,8294.0,80,0.009645526886906198,5,16.0,36
9938,1954,Graduation,Married,80067.0,0,0,2013-09-19,82,519,17,813,27,173,51,1,4,6,6,2,0,0,1,0,0,0,0,2,40033.5,1600,0.03996652803277255,17,94.12,60
3182,1973,PhD,Single,46854.0,1,1,2014-03-31,81,96,1,79,7,1,79,6,5,1,3,8,1,0,0,0,0,0,1,3,15618.0,263,0.01683954411576386,15,17.53,41
7300,1952,Graduation,Divorced,69142.0,0,1,2014-06-29,50,448,4,34,6,4,39,3,8,1,7,5,0,1,0,0,0,0,0,2,34571.0,535,0.015475398455352752,19,28.16,62
2798,1977,PhD,Together,102160.0,0,0,2012-11-02,54,763,29,138,76,176,58,0,7,9,10,4,0,1,1,1,0,0,1,2,51080.0,1240,0.02427564604541895,26,47.69,37
624,1984,Master,Single,18890.0,0,0,2012-11-10,5,6,4,1,7,2,15,1,0,1,2,6,1,0,0,0,0,0,1,1,18890.0,35,0.0018528321863419798,4,8.75,30
5176,1988,Graduation,Together,29604.0,1,0,2013-12-08,88,7,6,13,7,6,14,1,1,0,3,9,1,0,0,0,0,0,0,3,9868.0,53,0.005370895824888529,5,10.6,26
380,1954,Graduation,Divorced,64497.0,0,1,2012-09-10,17,1170,48,320,42,32,192,5,11,4,9,8,1,0,0,0,0,0,1,2,32248.5,1804,0.05594058638386282,29,62.21,60
6274,1948,Master,Married,83790.0,0,0,2013-11-15,81,1076,16,417,42,48,16,1,8,10,6,3,0,1,1,0,0,0,0,2,41895.0,1615,0.03854875283446712,25,64.6,66
6798,1966,Graduation,Single,37070.0,1,1,2013-03-20,30,231,7,137,4,15,39,9,5,1,8,7,0,0,0,0,0,0,1,3,12356.67,433,0.03504180333374607,23,18.83,48
5341,1962,2n Cycle,Divorced,81975.0,0,1,2013-01-05,2,983,76,184,180,138,27,1,6,3,4,7,0,0,1,0,0,0,0,2,40987.5,1588,0.03874351936566026,14,113.43,52
313,1968,Graduation,Widow,73455.0,0,0,2013-10-28,98,901,61,757,186,163,20,1,6,5,10,3,0,1,0,0,0,0,0,1,73455.0,2088,0.028425566673473554,22,94.91,46
9529,1990,Graduation,Married,73687.0,0,0,2013-11-28,8,559,153,503,218,13,181,1,3,9,9,2,0,0,0,1,0,0,1,2,36843.5,1627,0.04415975680920651,22,73.95,24
2176,1972,Graduation,Married,80134.0,1,0,2013-05-20,40,1218,16,272,104,0,80,2,5,3,6,6,0,1,1,1,0,0,1,3,26711.33,1690,0.06326903227956077,16,105.62,42
10089,1974,Graduation,Divorced,102692.0,0,0,2013-04-05,5,168,148,444,32,172,148,1,6,9,13,2,0,1,1,1,1,0,1,1,102692.0,1112,0.01082849686441008,29,38.34,40
309,1961,PhD,Together,63342.0,0,1,2012-10-16,48,918,21,118,13,10,21,3,8,3,5,6,0,1,0,0,0,0,0,3,21114.0,1101,0.05214549587951123,19,57.95,53
10264,1979,Graduation,Divorced,15287.0,1,0,2012-10-10,60,1,2,8,4,3,13,2,1,1,2,7,1,0,0,0,0,0,1,2,7643.5,31,0.004055733629881599,6,5.17,35
2387,1952,Master,Together,43776.0,1,1,2013-02-03,9,177,2,71,3,2,20,6,5,2,4,8,0,0,0,0,0,0,1,4,10944.0,275,0.025127923976608187,17,16.18,62
1225,1963,Graduation,Married,80124.0,0,0,2014-06-26,47,483,84,398,205,84,241,1,3,7,8,1,1,0,0,0,0,0,0,2,40062.0,1495,0.03731715840447307,19,78.68,51
9703,1970,PhD,Married,38097.0,1,1,2012-10-15,70,77,2,35,0,1,69,4,3,2,2,7,1,0,0,0,0,0,1,4,9524.25,184,0.019319106491324775,11,16.73,44
2379,1953,Graduation,Single,69267.0,0,0,2012-09-22,31,778,44,499,95,73,146,2,3,4,5,7,0,0,0,0,0,0,1,1,69267.0,1635,0.02360431374247477,14,116.79,61
3445,1956,Graduation,Single,60714.0,0,0,2013-01-17,56,216,162,224,101,92,162,2,7,4,10,5,0,0,0,0,0,0,1,1,60714.0,957,0.015762427117304082,23,41.61,58
3762,1986,PhD,Single,69867.0,0,0,2013-04-02,30,196,0,512,33,130,54,1,3,5,8,1,0,0,0,1,0,0,1,1,69867.0,925,0.01323944065152361,17,54.41,28
9262,1984,2n Cycle,Together,32414.0,0,0,2013-07-04,11,20,6,5,0,9,12,1,1,0,3,7,1,0,0,0,0,0,0,2,16207.0,52,0.003208490158573456,5,10.4,30
4543,1980,Graduation,Married,82497.0,0,0,2012-10-31,32,777,129,573,216,21,203,1,2,7,9,4,0,0,1,0,0,0,0,2,41248.5,1919,0.04652290386317078,19,101.0,34
2926,1952,Master,Together,55951.0,0,1,2012-08-23,62,1241,0,80,0,13,40,3,3,6,11,8,0,1,0,0,1,0,0,3,18650.33,1374,0.07367161867913329,23,59.74,62
3924,1965,PhD,Divorced,57912.0,0,1,2014-03-17,34,801,0,80,0,0,35,5,8,3,12,5,0,1,0,0,0,0,0,2,28956.0,916,0.03163420361928443,28,32.71,49
9274,1961,Master,Married,80950.0,0,0,2013-03-28,44,525,147,112,219,147,63,1,6,7,9,2,0,0,0,1,0,0,0,2,40475.0,1213,0.02996911673872761,23,52.74,53
6609,1966,Graduation,Widow,27038.0,0,0,2012-09-18,64,1,26,25,17,23,15,1,3,0,3,9,0,0,0,0,0,0,1,1,27038.0,107,0.003957393298320882,7,15.29,48
6963,1947,Graduation,Single,77457.0,0,0,2014-03-05,85,675,11,400,15,45,11,1,2,5,10,1,0,0,1,0,0,0,0,1,77457.0,1157,0.014937320061453452,18,64.28,67
4440,1964,Master,Married,64100.0,0,1,2013-09-10,93,509,0,27,0,0,10,1,8,3,6,7,0,1,0,0,0,0,0,3,21366.67,546,0.02555381816633102,18,30.33,50
2437,1989,Graduation,Married,73812.0,0,0,2013-06-03,69,861,138,461,60,30,61,1,6,5,12,3,0,1,0,1,0,0,0,2,36906.0,1611,0.04365143879044058,24,67.12,25
2863,1970,Graduation,Single,63608.0,1,2,2013-08-23,67,738,20,172,52,50,20,6,2,3,10,7,0,1,0,1,0,0,0,4,15902.0,1052,0.06615520060369764,21,50.1,44
10675,1956,PhD,Married,66334.0,0,1,2013-04-03,82,909,11,218,0,0,23,2,9,3,5,5,0,0,0,0,0,0,1,3,22111.33,1161,0.05250701789535048,19,61.11,58
2521,1971,Master,Married,35178.0,1,0,2013-01-10,10,23,1,13,2,2,18,1,1,1,2,7,1,0,0,0,0,0,1,3,11726.0,59,0.005031553812041617,5,11.8,43
7381,1968,Graduation,Divorced,75693.0,0,0,2012-12-06,10,797,153,293,72,97,30,1,11,4,6,4,0,1,1,1,0,0,1,1,75693.0,1442,0.019050638764482847,22,65.55,46
9560,1965,Graduation,Together,83003.0,0,0,2013-03-03,18,856,61,570,40,25,122,1,7,6,8,3,0,0,1,0,0,0,1,2,41501.5,1674,0.04033589147380215,22,76.09,49
9707,1969,PhD,Married,55212.0,0,1,2012-11-23,65,1103,0,45,0,0,34,3,4,2,11,8,0,1,0,0,1,0,0,3,18404.0,1182,0.06422516844164312,20,59.1,45
8234,1973,Basic,Together,27190.0,1,0,2013-08-15,13,1,6,7,0,1,3,1,1,0,2,8,1,0,0,0,0,0,1,3,9063.33,18,0.001986025004054801,4,4.5,41
1826,1970,Graduation,Divorced,84835.0,0,0,2014-06-16,0,189,104,379,111,189,218,1,4,4,6,1,0,0,0,0,0,0,1,1,84835.0,1190,0.014027229327518124,15,79.33,44
11030,1976,Master,Married,33181.0,1,0,2014-01-03,90,9,0,3,0,0,4,1,1,0,2,6,1,0,0,0,0,0,0,3,11060.33,16,0.0014466114483021755,4,4.0,38
175,1986,Graduation,Married,71952.0,1,0,2013-01-10,93,656,80,455,52,107,93,2,8,4,8,4,1,0,1,0,0,0,0,3,23984.0,1443,0.06016511007338225,22,65.59,28
9185,1966,PhD,Single,69759.0,0,0,2013-10-28,38,452,20,514,13,30,0,3,4,6,5,3,0,0,0,0,0,0,1,1,69759.0,1029,0.01475078484496624,18,57.17,48
2061,1955,Graduation,Married,50737.0,0,1,2013-05-11,61,78,0,11,0,0,10,1,2,0,4,6,0,1,0,0,0,0,0,3,16912.33,99,0.005853717376612211,7,14.14,59
7274,1957,Graduation,Married,78618.0,0,0,2012-09-28,87,736,163,818,212,163,61,1,4,7,10,2,0,1,0,0,0,0,0,2,39309.0,2153,0.054771171996234956,22,97.86,57
2557,1970,Master,Single,29548.0,1,0,2013-08-29,52,7,1,6,3,1,11,1,1,1,2,4,1,0,0,0,0,0,0,2,14774.0,29,0.0019629078110193583,5,5.8,44
1245,1966,Graduation,Single,63810.0,0,1,2012-11-11,45,977,12,253,16,12,101,4,4,3,12,8,0,1,0,0,0,0,0,2,31905.0,1371,0.04297132110954396,23,59.61,48
1519,1972,PhD,Single,38578.0,1,1,2013-06-22,2,38,4,22,3,3,3,3,3,0,3,8,0,0,0,0,0,0,1,3,12859.33,73,0.005676812088965755,9,8.11,42
1726,1970,Graduation,Single,22585.0,0,0,2013-03-18,23,3,9,15,13,2,39,1,1,1,2,9,1,0,0,0,0,0,1,1,22585.0,81,0.0035864511844144343,5,16.2,44
6720,1968,Master,Together,43795.0,0,1,2013-10-16,11,314,11,53,4,3,107,3,7,3,4,7,0,1,0,0,0,0,1,3,14598.33,492,0.0337024851472737,17,28.94,46
8318,1979,Graduation,Together,90300.0,0,0,2014-01-03,7,594,134,786,33,134,57,0,5,6,8,1,0,0,1,0,0,0,0,2,45150.0,1738,0.03849390919158361,19,91.47,35
6354,1984,Graduation,Together,15345.0,1,0,2012-08-31,51,5,2,16,3,2,19,2,1,1,2,8,0,0,0,0,0,0,1,3,5115.0,47,0.009188660801564028,6,7.83,30
8213,1980,2n Cycle,Together,14515.0,1,0,2012-11-09,71,6,4,9,6,36,35,4,2,2,3,7,0,0,0,0,0,0,1,3,4838.33,96,0.019841556900831486,11,8.73,34
2552,1955,PhD,Single,55521.0,1,2,2013-10-22,11,416,0,26,0,0,4,9,6,3,6,7,0,1,0,0,0,0,1,4,13880.25,446,0.03213198609535131,24,18.58,59
3645,1972,PhD,Single,27213.0,1,0,2012-08-30,19,19,3,26,10,9,3,3,2,0,4,8,0,0,0,0,0,0,1,2,13606.5,70,0.005144600007349428,9,7.78,42
7301,1982,2n Cycle,Single,23616.0,1,0,2012-11-17,76,4,22,11,3,7,32,2,3,0,3,8,0,0,0,0,0,0,1,2,11808.0,79,0.006690379403794038,8,9.88,32
7030,1955,PhD,Married,66465.0,0,1,2013-03-30,1,1200,0,204,38,29,14,3,11,9,12,6,0,0,0,1,0,0,0,3,22155.0,1485,0.06702775897088693,35,42.43,59
6504,1975,2n Cycle,Together,19789.0,1,0,2013-11-20,24,2,5,9,28,6,28,3,2,1,3,5,1,0,0,0,0,0,0,3,6596.33,78,0.011824757099781242,9,8.67,39
5067,1994,Graduation,Together,80134.0,0,0,2014-02-14,11,966,26,282,52,26,26,1,2,7,11,5,0,1,1,1,1,0,0,2,40067.0,1378,0.034392392742156885,21,65.62,20
4216,1981,Graduation,Single,91065.0,0,0,2013-02-22,33,822,114,108,179,137,114,1,7,9,9,3,0,0,1,1,0,0,1,1,91065.0,1474,0.0161862405973755,26,56.69,33
1361,1974,Master,Married,82584.0,0,0,2013-06-04,26,1076,68,103,29,91,68,1,3,4,8,1,0,1,1,0,0,0,1,2,41292.0,1435,0.03475249442991379,16,89.69,40
6932,1941,PhD,Married,93027.0,0,0,2013-04-13,77,1285,42,716,55,0,21,0,7,10,5,2,0,0,1,0,0,0,0,2,46513.5,2119,0.045556666344179646,22,96.32,73
1340,1986,Graduation,Married,92910.0,0,0,2014-04-24,42,551,137,792,179,103,33,1,6,7,13,1,0,1,1,1,0,0,0,2,46455.0,1795,0.03863954364438704,27,66.48,28
8746,1989,Graduation,Married,75433.0,1,0,2014-04-05,28,800,0,297,0,34,57,2,2,5,10,6,0,1,0,1,0,0,0,3,25144.33,1188,0.04724723227860913,19,62.53,25
3725,1961,PhD,Single,84865.0,0,0,2013-05-09,1,1248,16,349,43,16,16,1,2,4,9,4,0,1,1,1,1,0,1,1,84865.0,1688,0.019890414187238557,16,105.5,53
1137,1964,Graduation,Single,81246.0,0,0,2013-12-29,87,398,190,537,61,156,37,1,4,5,7,1,1,0,0,1,0,0,0,1,81246.0,1379,0.01697314329320828,17,81.12,50
4947,1966,2n Cycle,Single,89572.0,0,0,2012-09-15,44,606,24,974,197,194,64,1,7,7,9,4,0,1,0,1,0,0,1,1,89572.0,2059,0.022987094181217346,24,85.79,48
3225,1984,Master,Married,42207.0,1,0,2013-04-01,71,116,11,72,3,17,46,4,4,1,5,6,1,0,0,0,0,0,1,3,14069.0,265,0.018835738147700617,14,18.93,30
1992,1964,Graduation,Married,60597.0,0,1,2014-01-01,2,522,0,257,32,16,66,4,2,2,8,7,0,0,0,1,0,0,1,3,20199.0,893,0.044210109411356995,16,55.81,50
7059,1963,Graduation,Married,80124.0,0,0,2014-06-26,47,483,84,398,205,84,241,1,3,7,8,1,1,0,0,0,0,0,0,2,40062.0,1495,0.03731715840447307,19,78.68,51
7999,1955,PhD,Together,75261.0,0,0,2013-04-23,17,1239,17,413,23,34,17,1,5,6,5,2,0,1,1,0,0,0,1,2,37630.5,1743,0.04631881053932316,17,102.53,59
1581,1980,Graduation,Married,37406.0,1,0,2013-10-10,18,2,0,8,2,2,3,1,1,0,2,8,0,0,0,0,0,0,1,3,12468.67,17,0.0013634172690431296,4,4.25,34
564,1981,PhD,Together,56937.0,1,0,2012-08-04,81,746,8,125,11,8,8,7,8,6,9,6,0,1,0,0,0,0,1,3,18979.0,906,0.04773697244322672,30,30.2,33
8346,1974,Graduation,Single,32233.0,1,0,2012-08-19,26,138,15,35,25,11,72,2,6,2,2,9,1,0,0,0,0,0,1,2,16116.5,296,0.01836627059225018,12,24.67,40
2426,1964,PhD,Divorced,78825.0,0,0,2012-09-14,35,483,74,114,169,37,18,1,5,10,13,3,0,0,0,0,0,0,1,1,78825.0,895,0.011354265778623533,29,30.86,50
10965,1955,Graduation,Together,76005.0,0,0,2013-02-22,72,983,20,389,240,50,40,1,3,5,13,6,0,0,0,1,0,0,0,2,38002.5,1722,0.045312808367870536,22,78.27,59
6605,1944,PhD,Divorced,55614.0,0,0,2013-11-27,85,504,13,131,8,0,26,1,9,4,6,7,0,1,0,0,0,0,0,1,55614.0,682,0.012263099219620958,20,34.1,70
9925,1981,PhD,Together,39665.0,1,0,2013-05-25,97,127,1,56,0,1,31,3,4,2,3,7,1,0,0,0,0,0,0,3,13221.67,216,0.016336816756128386,12,18.0,33
5389,1964,Graduation,Married,48920.0,0,2,2013-10-20,93,238,17,68,8,10,6,3,6,2,5,7,0,1,0,0,0,0,0,4,12230.0,347,0.028372853638593622,16,21.69,50
6036,1959,Master,Together,89120.0,0,0,2014-03-17,78,1168,92,408,72,129,55,1,5,6,7,1,0,0,1,0,0,0,0,2,44560.0,1924,0.043177737881508076,19,101.26,55
3711,1944,Master,Married,80184.0,0,0,2014-03-01,19,1035,134,670,25,38,0,1,6,3,10,3,0,0,1,1,0,0,0,2,40092.0,1902,0.04744088596228674,20,95.1,70
2532,1987,Master,Single,73454.0,0,0,2014-03-01,95,982,73,351,56,14,175,1,2,4,6,5,1,0,0,0,0,0,0,1,73454.0,1651,0.02247665205434694,13,127.0,27
4943,1953,Graduation,Married,70503.0,0,0,2012-09-30,73,1379,33,216,0,33,66,1,2,4,9,6,0,1,1,0,0,0,0,2,35251.5,1727,0.04899082308554246,16,107.94,61
35,1987,Graduation,Married,25545.0,1,0,2012-09-08,35,32,1,64,16,12,85,3,2,2,3,6,0,0,0,0,0,0,1,3,8515.0,210,0.024662360540223135,10,21.0,27
4769,1977,Master,Together,57954.0,1,1,2014-06-18,52,456,4,24,0,0,9,7,8,2,6,7,0,1,0,0,0,0,0,4,14488.5,493,0.034026986920661216,23,21.43,37
6931,1967,Graduation,Divorced,76982.0,0,0,2014-02-15,19,464,151,292,65,60,30,1,8,3,4,4,0,0,1,0,0,0,1,1,76982.0,1062,0.013795432698552908,16,66.38,47
5547,1982,PhD,Married,84169.0,0,0,2013-08-07,9,1478,19,403,0,19,0,1,7,6,6,3,0,1,1,0,0,0,1,2,42084.5,1919,0.04559873587662916,20,95.95,32
10955,1964,Graduation,Widow,85620.0,0,0,2014-01-07,68,416,46,925,60,107,46,1,3,6,4,1,0,0,0,0,0,0,1,1,85620.0,1600,0.01868722261153936,14,114.29,50
9671,1968,Graduation,Married,19514.0,1,1,2014-01-26,47,14,3,21,2,1,28,4,3,1,2,8,1,0,0,0,0,0,1,4,4878.5,69,0.014143691708516962,10,6.9,46
5371,1989,Graduation,Single,21474.0,1,0,2014-04-08,0,6,16,24,11,0,34,2,3,1,2,7,1,0,0,0,0,0,1,2,10737.0,91,0.008475365558349632,8,11.38,25
9504,1949,Master,Married,81698.0,0,0,2013-11-06,4,179,28,520,111,123,47,1,3,8,13,1,0,0,0,0,0,0,1,2,40849.0,1008,0.024676246664545032,25,40.32,65
8314,1982,Graduation,Married,79908.0,0,0,2013-04-05,30,557,129,761,29,185,111,1,5,6,7,2,0,0,1,0,0,0,0,2,39954.0,1772,0.04435100365420233,19,93.26,32
3174,1959,Graduation,Together,87771.0,0,1,2013-05-22,61,1492,38,287,50,57,33,1,5,10,4,6,0,1,1,1,1,0,1,3,29257.0,1957,0.0668899750487063,20,97.85,55
2574,1977,PhD,Married,61996.0,0,1,2013-01-31,27,1050,12,144,0,0,24,3,6,4,8,5,0,1,0,1,1,0,1,3,20665.33,1230,0.05951997863087596,21,58.57,37
5966,1974,PhD,Married,45207.0,1,1,2012-11-10,64,203,0,10,0,0,2,5,3,1,6,6,0,1,0,0,0,0,0,4,11301.75,215,0.019023602539429734,15,14.33,40
9058,1955,Graduation,Widow,79800.0,0,0,2012-09-23,65,1060,21,530,32,0,224,1,5,11,5,3,1,0,1,1,0,0,1,1,79800.0,1867,0.02339598997493734,22,84.86,59
254,1955,Graduation,Together,53863.0,0,1,2014-05-17,4,399,4,30,6,4,30,3,7,1,7,7,0,1,0,0,0,0,0,3,17954.33,473,0.026344619932907546,18,26.28,59
3710,1984,PhD,Single,39684.0,1,0,2012-10-12,41,19,0,35,6,4,17,2,2,1,2,7,0,0,0,0,0,1,1,2,19842.0,81,0.004082249773208346,7,11.57,30
7627,1975,Master,Married,92163.0,0,0,2012-12-12,25,817,183,797,106,163,20,0,5,11,5,2,0,0,1,1,0,0,1,2,46081.5,2086,0.04526762366676432,21,99.33,39
4992,1975,Master,Together,17459.0,1,0,2013-09-19,12,6,4,16,3,10,30,3,3,1,2,7,0,0,0,0,0,0,1,3,5819.67,69,0.011856342369928191,9,7.67,39
7141,1986,Master,Single,21888.0,1,0,2012-12-29,15,88,10,46,2,3,64,4,5,1,2,10,0,0,0,0,0,0,1,2,10944.0,213,0.019462719298245616,12,17.75,28
988,1965,Graduation,Married,81168.0,0,0,2014-05-07,84,410,0,592,147,22,22,1,6,4,7,3,0,0,0,1,0,0,0,2,40584.0,1193,0.029395821013207174,18,66.28,49
10299,1969,PhD,Single,48240.0,0,0,2012-11-09,73,389,91,248,64,49,41,3,6,3,13,5,0,0,0,0,0,0,1,1,48240.0,882,0.01828358208955224,25,35.28,45
10972,1949,Graduation,Widow,72298.0,0,0,2014-03-10,52,625,35,169,58,17,35,1,4,3,6,1,0,1,1,0,0,0,0,1,72298.0,939,0.012987911145536529,14,67.07,65
6583,1955,2n Cycle,Married,72635.0,0,0,2013-06-03,54,390,22,323,104,35,107,1,6,8,6,3,0,0,0,1,0,0,0,2,36317.5,981,0.027011771184690576,21,46.71,59
4299,1960,Graduation,Together,70971.0,0,1,2012-09-21,28,1001,17,572,93,125,17,7,11,11,5,7,0,0,0,0,0,0,1,3,23657.0,1825,0.077144185653295,34,53.68,54
4376,1960,2n Cycle,Single,32218.0,0,0,2014-02-15,27,10,24,15,13,1,30,1,2,1,3,7,1,0,0,0,0,0,1,1,32218.0,93,0.002886585138742318,7,13.29,54
8923,1973,Graduation,Single,83917.0,0,0,2013-04-18,12,514,22,732,42,198,79,1,6,7,7,3,0,0,0,0,0,0,1,1,83917.0,1587,0.018911543548982925,21,75.57,41
1907,1950,Master,Divorced,63120.0,0,1,2012-09-28,53,965,69,279,54,41,69,5,8,4,9,7,0,0,0,0,0,0,1,2,31560.0,1477,0.04679974651457541,26,56.81,64
701,1971,Graduation,Married,73691.0,0,1,2013-11-06,58,707,21,250,85,43,73,2,6,2,8,2,1,0,0,0,0,0,0,3,24563.67,1179,0.04799771369669109,18,65.5,43
2942,1964,Graduation,Single,45906.0,0,1,2013-05-07,20,305,3,27,4,3,144,2,5,4,4,5,1,0,0,0,0,0,0,2,22953.0,486,0.02117370278394981,15,32.4,50
1173,1947,Master,Together,77632.0,0,0,2013-03-10,73,1200,105,758,0,42,147,1,4,2,6,2,0,1,1,0,0,0,1,2,38816.0,2252,0.058017312448474856,13,173.23,67
4611,1970,Graduation,Together,105471.0,0,0,2013-01-21,36,1009,181,104,202,21,207,0,9,8,13,3,0,0,1,1,0,0,1,2,52735.5,1724,0.03269145073053256,30,57.47,44
4248,1960,Master,Single,98777.0,0,0,2014-02-17,23,1000,19,711,125,115,38,0,4,6,9,1,0,1,0,0,0,0,0,1,98777.0,2008,0.020328619010498396,19,105.68,54
6940,1966,PhD,Single,46734.0,1,2,2013-10-21,86,100,1,39,6,1,76,4,3,2,3,6,1,0,0,0,0,0,0,4,11683.5,223,0.019086746266101767,12,18.58,48
4673,1963,PhD,Married,81300.0,0,1,2012-10-30,17,1004,12,145,32,12,36,3,10,3,5,5,0,0,0,1,0,0,1,3,27100.0,1241,0.04579335793357934,21,59.1,51
8779,1985,2n Cycle,Married,36145.0,1,0,2013-06-16,13,56,4,76,17,1,18,4,4,1,3,9,1,0,0,0,0,0,1,3,12048.33,172,0.014275837398212034,12,14.33,29
9826,1972,PhD,Single,86857.0,0,0,2012-09-12,96,899,102,838,133,102,40,1,5,6,10,2,0,0,0,0,0,0,1,1,86857.0,2114,0.024338855820486546,22,96.09,42
10767,1989,PhD,Together,77845.0,0,0,2014-05-16,40,760,40,480,0,40,26,1,3,5,12,1,0,0,1,1,0,0,0,2,38922.5,1346,0.034581540240220955,21,64.1,25
7230,1960,PhD,Divorced,50611.0,0,1,2012-10-04,98,459,0,24,6,0,4,6,4,5,7,6,0,1,0,0,0,0,1,2,25305.5,493,0.019481930805556106,22,22.41,54
6379,1949,Master,Widow,47570.0,1,1,2013-05-29,3,67,1,20,0,2,31,3,2,2,2,7,0,0,0,0,0,0,1,3,15856.67,121,0.007630858181446672,9,13.44,65
2868,1949,PhD,Single,26518.0,1,1,2013-04-08,33,20,1,28,3,3,2,3,2,0,3,8,0,0,0,0,0,0,1,3,8839.33,57,0.006448452541086259,8,7.12,65
1277,1960,Graduation,Together,78468.0,0,0,2014-04-09,29,434,22,388,104,22,34,1,10,7,10,4,0,0,0,1,0,0,0,2,39234.0,1004,0.025590049446908295,28,35.86,54
6384,1978,Graduation,Divorced,71022.0,0,1,2014-02-11,30,909,12,278,0,12,242,3,5,2,11,8,1,0,0,0,0,0,0,2,35511.0,1453,0.04091689898904565,21,69.19,36
8029,1988,Master,Single,90247.0,0,0,2014-04-29,27,1184,32,352,21,16,16,1,3,4,7,1,0,1,1,1,0,0,1,1,90247.0,1621,0.017961815905237846,15,108.07,26
6988,1986,Graduation,Married,71952.0,1,0,2013-01-10,93,656,80,455,52,107,93,2,8,4,8,4,1,0,1,0,0,0,0,3,23984.0,1443,0.06016511007338225,22,65.59,28
3336,1948,PhD,Together,66375.0,0,1,2013-11-21,96,712,0,45,0,0,191,3,2,4,5,7,1,0,0,0,0,0,0,3,22125.0,948,0.04284745762711865,14,67.71,66
4301,1971,Master,Married,35178.0,1,0,2013-01-10,10,23,1,13,2,2,18,1,1,1,2,7,1,0,0,0,0,0,1,3,11726.0,59,0.005031553812041617,5,11.8,43
3619,1960,2n Cycle,Divorced,87305.0,0,0,2012-09-23,19,345,25,501,63,138,80,1,5,3,8,2,0,0,1,0,0,0,1,1,87305.0,1152,0.013195120554378329,17,67.76,54
4692,1976,Graduation,Married,7500.0,1,0,2012-08-01,19,7,0,12,13,7,32,5,4,1,2,9,1,0,0,0,0,0,1,3,2500.0,71,0.0284,12,5.92,38
6086,1955,Graduation,Married,80395.0,0,0,2013-11-23,62,445,25,706,80,76,48,1,6,5,12,2,0,0,0,1,0,0,0,2,40197.5,1380,0.034330493189874994,24,57.5,59
11101,1991,Graduation,Together,89891.0,0,0,2013-04-15,17,412,22,132,59,28,183,1,11,6,8,4,0,0,1,0,0,0,0,2,44945.5,836,0.018600304813607593,26,32.15,23
10430,1973,Graduation,Divorced,89694.0,1,1,2013-10-09,22,1126,28,211,37,28,42,3,4,3,4,5,0,1,1,1,0,0,0,3,29898.0,1472,0.04923406247909559,14,105.14,41
7875,1949,Graduation,Married,72025.0,0,0,2014-04-29,46,967,0,617,43,50,0,1,4,8,13,2,0,1,1,1,0,0,1,2,36012.5,1677,0.046567164179104475,26,64.5,65
5278,1964,Graduation,Married,82224.0,0,0,2014-01-25,83,307,26,360,138,31,40,1,6,9,5,3,0,0,0,1,0,0,0,2,41112.0,902,0.02194006616073166,21,42.95,50
3560,1952,Graduation,Together,83844.0,0,0,2013-05-12,57,901,31,345,75,31,191,1,4,4,11,1,0,0,1,0,0,0,0,2,41922.0,1574,0.03754591861075331,20,78.7,62
2281,1970,Graduation,Single,33697.0,1,0,2013-09-15,34,4,3,7,0,3,11,1,1,0,2,7,1,0,0,0,0,0,0,2,16848.5,28,0.0016618690091106034,4,7.0,44
4073,1954,2n Cycle,Married,63564.0,0,0,2014-01-29,0,769,80,252,15,34,65,1,10,10,7,6,1,0,0,0,0,0,1,2,31782.0,1215,0.038229186331885975,28,43.39,60
3667,1969,Graduation,Married,80952.0,0,0,2013-02-28,20,778,178,689,41,27,44,1,8,5,11,8,0,1,1,1,0,0,1,2,40476.0,1757,0.043408439569127384,25,70.28,45
4012,1972,PhD,Together,62220.0,0,1,2012-08-11,55,799,12,375,16,12,12,5,7,6,5,6,0,0,0,0,0,0,1,3,20740.0,1226,0.059112825458052076,23,53.3,42
7573,1978,PhD,Single,31626.0,1,0,2013-05-10,12,39,1,9,2,1,34,1,2,1,2,7,1,0,0,0,0,0,1,2,15813.0,86,0.00543856320748751,6,14.33,36
8897,1965,Graduation,Single,42720.0,1,1,2013-04-24,9,392,5,91,28,26,112,8,7,3,7,8,0,0,0,0,0,0,1,3,14240.0,654,0.04592696629213483,25,26.16,49
6299,1968,PhD,Divorced,42564.0,0,1,2013-01-02,28,324,48,186,39,18,198,6,6,8,4,7,1,0,0,0,0,0,1,2,21282.0,813,0.03820129687059487,24,33.88,46
10846,1978,Master,Married,43783.0,1,0,2014-05-29,22,327,9,125,25,4,139,6,7,1,8,7,1,0,0,0,0,0,0,3,14594.33,629,0.043098929515777706,22,28.59,36
10446,1957,PhD,Married,82017.0,0,0,2012-11-07,58,184,23,446,30,23,23,1,5,4,7,2,0,1,1,1,0,0,1,2,41008.5,729,0.017776802370240315,17,42.88,57
3479,1950,Graduation,Single,16813.0,0,0,2013-07-19,49,4,8,11,12,2,13,1,2,0,3,7,1,0,0,0,0,0,0,1,16813.0,50,0.002973889252364242,6,8.33,64
199,1962,Master,Single,45183.0,0,0,2013-01-20,33,219,3,60,12,9,12,1,4,1,7,7,0,1,0,0,0,0,0,1,45183.0,315,0.006971648628909103,13,24.23,52
3483,1958,Graduation,Married,48192.0,0,0,2013-04-06,76,1039,43,204,153,58,29,3,2,8,12,8,0,1,0,1,1,0,1,2,24096.0,1526,0.06333001328021248,25,61.04,56
2350,1972,Graduation,Married,59666.0,1,1,2013-03-22,87,623,53,178,23,17,133,7,3,2,8,8,0,1,0,0,0,0,0,4,14916.5,1027,0.06884993128414843,20,51.35,42
5585,1972,Graduation,Single,21359.0,1,0,2013-04-20,1,12,2,17,6,1,10,2,2,0,3,8,0,0,0,0,0,0,1,2,10679.5,48,0.004494592443466454,7,6.86,42
9493,1980,PhD,Single,76412.0,0,0,2013-05-05,15,840,53,804,23,71,17,1,5,4,8,3,0,0,1,1,0,0,1,1,76412.0,1808,0.0236612050463278,18,100.44,34
1,1961,Graduation,Single,57091.0,0,0,2014-06-15,0,464,5,64,7,0,37,1,7,3,7,5,0,0,0,0,1,0,1,1,57091.0,577,0.010106671804662732,18,32.06,53
5536,1959,Graduation,Together,87771.0,0,1,2013-05-22,61,1492,38,287,50,57,33,1,5,10,4,6,0,1,1,1,1,0,1,3,29257.0,1957,0.0668899750487063,20,97.85,55
9499,1954,Graduation,Married,93404.0,1,2,2013-05-07,97,1279,15,287,20,0,15,3,3,4,7,5,0,1,1,0,0,0,0,5,18680.8,1616,0.08650593122350221,17,95.06,60
5121,1977,Graduation,Single,56628.0,0,1,2014-03-21,30,479,5,82,7,17,171,2,7,6,5,5,1,0,0,0,0,0,0,2,28314.0,761,0.026877163240799605,20,38.05,37
5848,1970,Graduation,Together,81205.0,0,0,2014-01-13,43,724,74,929,97,55,130,1,5,6,7,2,1,0,1,0,1,0,1,2,40602.5,2009,0.049479711840403916,19,105.74,44
4856,1957,2n Cycle,Married,82347.0,0,0,2012-11-06,38,556,54,845,202,133,63,1,7,7,10,3,1,0,0,1,0,0,0,2,41173.5,1853,0.04500467533729219,25,74.12,57
7186,1966,PhD,Together,30843.0,1,1,2014-05-26,43,24,0,2,0,0,9,2,1,1,2,5,1,0,0,0,0,0,0,4,7710.75,35,0.0045391174658755635,6,5.83,48
5794,1974,PhD,Married,46374.0,0,1,2014-03-17,1,408,0,21,0,0,17,3,7,1,7,8,0,1,0,1,0,0,1,3,15458.0,446,0.02885237417518437,18,24.78,40
1031,1989,2n Cycle,Married,85710.0,0,0,2013-05-05,5,600,20,350,29,30,33,1,6,9,10,2,0,0,1,0,0,0,0,2,42855.0,1062,0.0247812390619531,26,40.85,25
10140,1983,PhD,Together,70123.0,0,0,2013-09-28,27,1308,0,396,23,0,0,1,5,7,4,3,0,1,0,0,1,0,0,2,35061.5,1727,0.0492563067752378,17,101.59,31
9353,1959,Graduation,Single,62450.0,0,1,2014-01-06,61,515,47,267,62,66,38,2,5,5,4,3,0,1,0,0,0,0,0,2,31225.0,995,0.03186549239391513,16,62.19,55
4789,1953,Graduation,Together,80812.0,0,0,2013-09-17,95,769,22,500,210,143,33,1,4,8,5,2,1,0,1,1,0,0,0,2,40406.0,1677,0.04150373706875216,18,93.17,61
8443,1972,Graduation,Single,24762.0,1,0,2014-02-10,16,6,10,12,3,15,40,3,3,1,2,8,1,0,0,0,0,0,1,2,12381.0,86,0.006946127130280268,9,9.56,42
5830,1972,PhD,Single,86857.0,0,0,2012-09-12,96,899,102,838,133,102,40,1,5,6,10,2,0,0,0,0,0,0,1,1,86857.0,2114,0.024338855820486546,22,96.09,42
1928,1973,Graduation,Married,31814.0,1,0,2013-02-09,73,35,3,20,4,1,20,2,2,0,3,9,1,0,0,0,0,0,0,3,10604.67,83,0.007826740483202211,7,11.86,41
8800,1943,PhD,Divorced,48948.0,0,0,2013-02-01,53,437,8,206,160,49,42,2,7,10,5,6,1,0,0,0,0,0,1,1,48948.0,902,0.01842771921222522,24,37.58,71
5519,1956,Graduation,Together,64090.0,0,1,2013-08-07,8,316,58,161,76,51,135,1,6,9,4,5,0,0,0,0,0,0,1,3,21363.33,797,0.03730691797580246,20,39.85,58
10150,1961,Graduation,Single,86429.0,0,0,2013-11-21,10,464,28,873,29,18,37,0,7,4,7,2,0,0,0,1,0,0,1,1,86429.0,1449,0.016765206122944847,18,80.5,53
9760,1963,PhD,Widow,52278.0,0,1,2013-01-25,24,953,0,71,0,0,174,6,10,5,10,8,0,0,0,0,0,0,1,2,26139.0,1198,0.04583189869543594,31,38.65,51
1048,1972,Master,Married,35641.0,1,0,2013-07-14,11,63,3,67,8,9,28,2,3,1,4,7,0,0,0,0,0,0,1,3,11880.33,178,0.014982748795698437,10,17.8,42
10619,1994,Graduation,Single,95529.0,0,0,2012-12-03,29,770,29,890,250,27,24,1,7,3,7,3,0,0,1,0,0,0,1,1,95529.0,1990,0.020831370578567765,18,110.56,20
8362,1982,PhD,Married,84169.0,0,0,2013-08-07,9,1478,19,403,0,19,0,1,7,6,6,3,0,1,1,0,0,0,1,2,42084.5,1919,0.04559873587662916,20,95.95,32
4637,1954,PhD,Single,74637.0,0,0,2013-05-18,73,960,64,464,146,0,16,1,6,9,9,3,0,0,0,1,0,0,0,1,74637.0,1650,0.022106997869689296,25,66.0,60
9972,1955,PhD,Together,46015.0,1,1,2014-04-13,25,38,0,2,0,0,6,1,1,0,3,7,1,0,0,0,1,0,0,4,11503.75,46,0.003998696077366077,5,9.2,59
4487,1969,Master,Single,39858.0,1,0,2013-01-24,67,15,20,25,2,7,26,1,2,0,4,6,0,0,0,0,0,0,1,2,19929.0,95,0.0047669225751417535,7,13.57,45
8931,1986,Graduation,Together,83033.0,1,0,2014-05-18,82,812,99,431,237,149,33,1,11,4,10,5,0,0,0,1,0,0,0,3,27677.67,1761,0.06362529793873545,26,67.73,28
2008,1978,Graduation,Married,77583.0,0,0,2014-02-10,93,372,23,384,250,12,108,1,4,5,9,2,0,0,0,1,0,0,0,2,38791.5,1149,0.029619890955492827,19,60.47,36
3139,1982,2n Cycle,Single,74116.0,0,0,2013-12-30,53,871,111,704,145,55,166,1,4,4,10,2,0,1,0,0,0,0,0,1,74116.0,2052,0.027686329537481784,19,108.0,32
7922,1951,PhD,Single,64950.0,0,1,2012-08-12,29,819,0,72,12,0,63,2,11,2,10,7,0,1,0,0,0,0,0,2,32475.0,966,0.029745958429561202,25,38.64,63
1204,1970,PhD,Married,67536.0,0,1,2013-05-22,45,1253,0,447,23,71,35,3,11,5,11,8,0,0,0,1,0,0,0,3,22512.0,1829,0.0812455579246624,30,60.97,44
6810,1983,Graduation,Divorced,82025.0,0,0,2013-05-28,76,267,98,606,48,70,98,1,3,2,6,1,0,0,1,0,0,0,1,1,82025.0,1187,0.014471197805547089,12,98.92,31
5386,1953,Graduation,Together,94384.0,0,0,2013-03-04,62,1111,24,790,160,45,172,0,5,8,5,2,0,1,1,1,0,0,1,2,47192.0,2302,0.0487794541447703,18,127.89,61
3202,1987,PhD,Married,51563.0,0,0,2012-10-01,60,1166,0,48,0,0,36,1,4,4,10,8,0,1,1,0,0,0,0,2,25781.5,1250,0.04848437833330101,19,65.79,27
6387,1976,PhD,Together,52190.0,1,1,2014-05-08,39,42,0,17,0,0,18,3,2,1,3,5,1,0,0,0,0,0,0,4,13047.5,77,0.005901513699942518,9,8.56,38
5320,1973,Master,Divorced,44051.0,1,1,2013-01-29,20,79,7,58,6,3,18,4,3,1,4,6,0,0,0,0,0,0,1,3,14683.67,171,0.011645589964906593,12,14.25,41
5748,1965,Graduation,Married,59754.0,0,1,2012-12-01,96,115,27,44,4,146,139,3,5,2,6,5,0,0,0,0,0,0,1,3,19918.0,475,0.023847775881112563,16,29.69,49
3547,1969,Master,Together,41021.0,1,0,2012-12-30,12,14,7,9,6,16,12,2,2,0,3,6,0,0,0,0,0,0,1,3,13673.67,64,0.004680528343890118,7,9.14,45
10489,1973,Graduation,Married,92955.0,0,0,2013-08-19,35,693,21,925,31,24,84,1,6,7,9,2,0,0,1,1,0,0,1,2,46477.5,1778,0.03825506965736109,23,77.3,41
2620,1974,PhD,Married,34596.0,1,0,2013-04-13,48,14,0,2,0,0,7,1,1,0,2,8,0,0,0,0,0,0,1,3,11532.0,23,0.0019944502254595907,4,5.75,40
2611,1959,Master,Together,82576.0,0,0,2012-08-01,66,1206,55,445,168,18,18,1,2,4,12,1,0,0,1,0,0,0,0,2,41288.0,1910,0.04626041464832397,19,100.53,55
5407,1954,Graduation,Together,53103.0,0,1,2013-09-12,70,729,17,133,11,0,195,5,10,6,7,7,1,0,0,0,0,0,0,3,17701.0,1085,0.06129597197898424,28,38.75,60
5718,1950,Graduation,Married,80763.0,0,0,2013-08-15,17,674,168,108,192,42,231,1,5,11,6,3,0,0,1,1,0,0,1,2,40381.5,1415,0.03504079838539925,23,61.52,64
4580,1969,Graduation,Married,75759.0,0,0,2013-10-25,46,1394,22,708,89,91,182,1,9,7,9,5,1,0,1,1,0,0,1,2,37879.5,2486,0.06562916617167597,26,95.62,45
8545,1954,Graduation,Divorced,85683.0,0,0,2014-03-21,6,1296,17,311,45,69,51,1,2,4,10,1,0,1,1,1,1,0,1,1,85683.0,1789,0.02087928760664309,17,105.24,60
7378,1981,Master,Together,42021.0,1,0,2012-08-31,34,393,5,136,7,5,27,5,10,1,6,9,1,0,0,0,0,0,0,3,14007.0,573,0.04090811736988648,22,26.05,33
8492,1978,Graduation,Together,75437.0,0,0,2013-11-09,25,795,0,545,95,58,0,1,8,4,10,6,0,0,0,1,0,0,0,2,37718.5,1493,0.039582698145472384,23,64.91,36
1212,1973,Graduation,Married,52845.0,1,0,2013-08-13,7,384,25,292,130,41,64,3,8,8,6,6,1,0,0,0,0,0,0,3,17615.0,936,0.053136531365313655,25,37.44,41
10473,1956,PhD,Widow,78028.0,0,1,2012-09-10,38,158,19,288,25,0,38,1,6,4,9,7,0,1,1,0,0,0,1,2,39014.0,528,0.013533603321884451,20,26.4,58
7962,1987,PhD,Single,95169.0,0,0,2013-10-09,1,1285,21,449,106,20,20,1,4,3,4,1,0,0,1,1,0,0,1,1,95169.0,1901,0.019974991856591958,12,158.42,27
9984,1981,2n Cycle,Married,56337.0,1,1,2013-03-27,25,349,16,144,28,5,182,5,8,5,4,8,1,0,0,1,0,0,1,4,14084.25,724,0.05140493814012106,22,32.91,33
7453,1954,Graduation,Single,36130.0,0,1,2013-02-02,46,157,43,127,68,56,37,6,3,8,4,4,1,0,0,0,0,0,1,2,18065.0,488,0.02701356213672848,21,23.24,60
241,1952,Graduation,Together,83844.0,0,0,2013-05-12,57,901,31,345,75,31,191,1,4,4,11,1,0,0,1,0,0,0,0,2,41922.0,1574,0.03754591861075331,20,78.7,62
8975,1968,Graduation,Married,19514.0,1,1,2014-01-26,47,14,3,21,2,1,28,4,3,1,2,8,1,0,0,0,0,0,0,4,4878.5,69,0.014143691708516962,10,6.9,46
5236,1979,Graduation,Together,77568.0,0,1,2012-08-25,30,1230,0,396,232,178,158,1,10,2,8,5,0,1,1,1,0,0,0,3,25856.0,2194,0.08485457920792079,21,104.48,35
7010,1965,2n Cycle,Married,70924.0,0,0,2014-04-07,41,635,114,254,132,152,76,1,6,6,7,3,0,0,1,0,0,0,0,2,35462.0,1363,0.038435508431560544,20,68.15,49
6059,1953,PhD,Together,64504.0,1,2,2013-03-04,81,986,36,168,16,0,108,7,11,3,4,7,0,0,0,0,0,0,1,5,12900.8,1314,0.10185414857993304,25,52.56,61
3706,1978,Graduation,Single,28647.0,1,0,2013-08-21,54,19,8,29,0,12,26,1,2,2,2,7,1,0,0,0,0,0,1,2,14323.5,94,0.006562641812406186,7,13.43,36
5204,1971,Graduation,Together,74538.0,0,0,2013-06-29,21,380,98,733,110,112,28,1,8,8,5,3,0,0,1,0,0,0,1,2,37269.0,1461,0.039201481123722126,22,66.41,43
9220,1971,Graduation,Single,91700.0,0,0,2013-01-17,58,576,172,961,125,115,19,1,8,6,5,3,0,0,0,0,0,0,1,1,91700.0,1968,0.021461286804798255,20,98.4,43
1020,1973,Graduation,Married,79593.0,0,0,2014-05-12,70,350,60,568,110,133,145,1,5,6,7,2,0,0,1,0,0,0,0,2,39796.5,1366,0.03432462653750958,19,71.89,41
6019,1971,PhD,Married,37126.0,1,0,2014-03-30,9,45,3,9,4,4,7,1,1,2,2,6,1,0,0,0,0,0,1,3,12375.33,72,0.00581802667080393,6,12.0,43
3717,1959,Graduation,Married,61180.0,0,1,2014-04-23,70,403,24,29,6,24,218,2,5,5,6,3,1,0,0,0,0,0,0,3,20393.33,704,0.03452109096454576,18,39.11,55
4998,1962,Graduation,Together,76081.0,0,0,2014-05-23,85,292,30,415,63,33,200,1,4,5,4,2,0,0,0,1,0,0,0,2,38040.5,1033,0.027155268726751752,14,73.79,52
6287,1986,Graduation,Together,34728.0,1,0,2013-07-30,2,14,0,16,0,0,6,1,1,1,2,6,0,0,0,0,0,0,1,3,11576.0,36,0.0031098825155494126,5,7.2,28
8870,1984,Graduation,Together,35196.0,1,0,2012-11-13,68,75,12,141,43,39,187,6,6,1,5,8,0,0,0,0,0,0,1,3,11732.0,497,0.042362768496420046,18,27.61,30
966,1966,Graduation,Married,44529.0,0,1,2013-07-05,98,538,13,91,17,6,26,6,6,2,11,5,0,1,0,0,0,0,0,3,14843.0,691,0.046553931145994744,25,27.64,48
4767,1965,2n Cycle,Married,70924.0,0,0,2014-04-07,41,635,114,254,132,152,76,1,6,6,7,3,0,0,1,0,0,0,0,2,35462.0,1363,0.038435508431560544,20,68.15,49
9725,1966,PhD,Together,28764.0,1,1,2014-06-05,16,8,0,3,0,0,1,1,1,0,2,8,1,0,0,0,0,0,0,4,7191.0,12,0.001668752607425949,4,3.0,48
5740,1970,2n Cycle,Divorced,25959.0,1,1,2013-02-14,1,4,2,12,7,5,26,2,1,2,2,6,0,0,0,0,0,0,1,3,8653.0,56,0.006471743903848377,7,8.0,44
4491,1949,Master,Married,62845.0,1,1,2012-10-01,3,1099,0,45,0,0,34,11,3,4,10,8,0,1,0,0,0,0,0,4,15711.25,1178,0.07497812077333121,28,42.07,65
3759,1958,Graduation,Together,65196.0,0,2,2013-07-25,34,743,19,181,12,0,200,2,7,6,11,5,1,0,0,0,0,0,0,4,16299.0,1155,0.07086324314375116,26,44.42,56
1162,1987,PhD,Single,42000.0,0,0,2013-01-10,23,124,83,267,85,59,35,2,5,2,11,5,0,0,0,0,0,0,1,1,42000.0,653,0.015547619047619048,20,32.65,27
2055,1973,PhD,Divorced,35860.0,1,1,2014-05-19,37,15,0,8,4,2,20,2,1,1,2,5,1,0,0,0,0,0,0,3,11953.33,49,0.004099276101303988,6,8.17,41
3005,1992,Graduation,Single,83528.0,0,0,2014-05-01,7,530,117,678,134,44,147,1,4,10,8,1,1,0,0,1,0,0,1,1,83528.0,1650,0.019753854994732305,23,71.74,22
6421,1961,Graduation,Together,88347.0,0,0,2013-07-03,32,1050,178,555,77,138,118,1,4,7,9,1,0,0,0,1,0,0,0,2,44173.5,2116,0.04790202270592097,21,100.76,53
4207,1981,PhD,Married,87171.0,0,0,2013-05-01,27,1001,44,107,58,44,44,1,6,7,11,2,1,0,1,0,0,0,0,2,43585.5,1298,0.02978054628259398,25,51.92,33
247,1971,Graduation,Married,36715.0,1,0,2012-11-17,16,172,10,125,21,13,16,6,7,2,4,9,0,0,0,0,0,0,1,3,12238.33,357,0.02917064664868491,19,18.79,43
8707,1956,Graduation,Married,79456.0,0,0,2012-08-22,12,565,42,548,64,83,99,1,5,6,4,3,0,0,0,0,0,0,1,2,39728.0,1401,0.0352648006443818,16,87.56,58
6072,1970,Master,Single,75345.0,0,0,2013-02-02,16,918,57,842,99,38,133,1,5,8,6,3,0,0,0,1,0,0,1,1,75345.0,2087,0.027699250116132456,20,104.35,44
1509,1958,PhD,Together,84460.0,0,0,2013-01-04,80,152,27,103,106,54,81,0,9,9,4,5,0,1,1,1,1,0,1,2,42230.0,523,0.012384560738811272,22,23.77,56
7348,1958,PhD,Single,71691.0,0,0,2014-03-17,0,336,130,411,240,32,43,1,4,7,5,2,0,0,0,0,0,0,1,1,71691.0,1192,0.01662691272265696,17,70.12,56
1127,1973,PhD,Married,85844.0,0,0,2014-05-29,62,938,19,843,25,95,38,1,6,6,7,2,0,0,1,0,0,0,0,2,42922.0,1958,0.04561763198359815,20,97.9,41
5538,1975,Graduation,Divorced,83829.0,0,0,2013-10-08,78,897,161,430,186,161,27,0,4,7,6,1,1,0,1,1,0,0,1,1,83829.0,1862,0.02221188371565926,17,109.53,39
146,1960,PhD,Single,76045.0,0,0,2013-11-15,78,760,53,400,17,93,0,1,4,5,11,2,0,0,0,1,0,0,0,1,76045.0,1323,0.017397593530146624,21,63.0,54
4741,1974,2n Cycle,Married,65463.0,1,0,2014-01-30,17,391,32,70,21,32,16,2,6,2,9,5,0,1,0,0,0,0,0,3,21821.0,562,0.025755006644975025,19,29.58,40
1524,1983,2n Cycle,Single,81698.0,0,0,2013-03-01,1,709,45,115,30,160,45,1,8,2,5,5,0,0,0,1,0,0,1,1,81698.0,1104,0.013513182697250851,16,69.0,31
7451,1960,Master,Single,98777.0,0,0,2014-02-17,23,1000,19,711,125,115,38,0,4,6,9,1,0,1,0,0,0,0,0,1,98777.0,2008,0.020328619010498396,19,105.68,54
4356,1971,Graduation,Together,71819.0,0,1,2013-08-28,70,1224,28,140,0,14,168,3,3,3,5,6,0,1,1,0,0,0,0,3,23939.67,1574,0.06574860889895308,14,112.43,43
3885,1983,PhD,Married,33569.0,1,0,2013-10-16,10,16,2,18,3,0,24,1,1,1,2,8,1,0,0,0,0,0,1,3,11189.67,63,0.005630192847510249,5,12.6,31
1175,1983,Master,Married,36262.0,0,0,2013-09-20,24,88,39,54,64,28,153,1,3,5,3,6,1,0,0,0,0,0,1,2,18131.0,426,0.023495670398764545,12,35.5,31
5995,1962,Graduation,Divorced,39552.0,1,1,2012-12-18,54,165,3,147,4,24,41,7,6,2,5,8,0,0,0,0,0,0,1,3,13184.0,384,0.02912621359223301,20,19.2,52
4756,1952,2n Cycle,Divorced,63998.0,0,0,2013-12-20,42,176,29,818,0,33,112,1,7,6,11,4,0,0,0,0,0,0,1,1,63998.0,1168,0.018250570330322822,25,46.72,62
3412,1951,Master,Married,67381.0,0,1,2013-01-15,67,815,8,53,11,0,70,4,2,2,9,7,0,1,0,0,0,0,0,3,22460.33,957,0.04260845677690399,17,56.29,63
2975,1976,Graduation,Together,85606.0,0,1,2012-11-12,89,717,42,864,219,30,84,2,6,7,9,3,0,0,0,1,0,0,0,3,28535.33,1956,0.06854660520835049,24,81.5,38
2894,1985,Graduation,Single,72903.0,0,0,2013-10-29,74,1067,138,750,0,19,39,1,7,5,8,4,0,1,1,1,0,0,1,1,72903.0,2013,0.02761203242664911,21,95.86,29
8015,1962,PhD,Divorced,85696.0,0,0,2013-05-03,88,714,76,395,116,0,12,1,4,6,9,1,0,0,0,0,0,0,1,1,85696.0,1313,0.015321601941747573,20,65.65,52
749,1981,Graduation,Together,42162.0,1,0,2013-11-19,31,46,7,59,2,4,27,2,3,1,3,6,1,0,0,0,0,0,1,3,14054.0,145,0.010317347374412979,9,16.11,33
10525,1986,Graduation,Single,26576.0,1,0,2012-10-13,40,10,0,8,0,0,9,1,1,0,2,9,1,0,0,0,0,0,1,2,13288.0,27,0.002031908488862131,4,6.75,28
5031,1974,Graduation,Together,83145.0,0,0,2012-09-22,14,777,35,731,39,137,114,1,5,9,11,2,0,0,1,0,0,0,1,2,41572.5,1833,0.044091647122496844,26,70.5,40
967,1976,Graduation,Married,46049.0,1,1,2013-07-21,11,342,9,112,19,14,19,10,5,2,9,7,0,0,0,0,0,0,1,4,11512.25,515,0.044734956242263674,26,19.81,38
6218,1965,Graduation,Married,59594.0,0,1,2012-10-20,74,457,4,29,0,0,9,1,8,1,7,7,0,1,0,0,0,0,0,3,19864.67,499,0.025119974306142514,17,29.35,49
193,1996,Basic,Married,14421.0,0,0,2014-02-17,81,0,0,2,3,3,8,1,1,0,2,5,1,0,0,0,0,0,0,2,7210.5,16,0.0022189862006795646,4,4.0,18
10660,1957,Master,Married,66726.0,1,1,2014-01-12,61,349,7,35,0,0,47,3,8,2,4,7,0,1,0,0,0,0,0,4,16681.5,438,0.02625663159787789,17,25.76,57
5735,1991,Master,Single,90638.0,0,0,2014-02-13,29,1156,120,915,94,144,96,1,3,4,10,1,0,0,1,0,0,0,0,1,90638.0,2525,0.027858072773009113,18,140.28,23
1829,1961,PhD,Divorced,54959.0,0,1,2013-01-19,55,1148,0,60,0,0,24,3,9,5,4,7,0,1,0,0,0,0,1,2,27479.5,1232,0.044833421277679725,21,58.67,53
9855,1952,PhD,Single,62000.0,0,1,2013-08-25,25,899,0,101,0,0,20,1,6,6,13,4,0,0,0,1,0,0,0,2,31000.0,1020,0.032903225806451615,26,39.23,62
590,1970,Master,Divorced,78579.0,0,0,2012-12-22,35,816,66,549,216,66,99,1,5,6,4,3,0,0,0,0,0,0,1,1,78579.0,1812,0.023059596075287292,16,113.25,44
8732,1969,Master,Widow,67369.0,0,1,2012-11-17,81,1298,0,70,37,14,42,4,7,4,10,4,0,1,1,0,0,0,1,2,33684.5,1461,0.0433730647627247,25,58.44,45
6606,1969,Master,Married,70091.0,1,0,2013-03-31,11,964,34,137,15,0,11,2,5,2,10,8,0,1,0,0,0,0,0,3,23363.67,1161,0.04969253546210848,19,61.11,45
234,1979,Graduation,Divorced,15287.0,1,0,2012-10-10,60,1,2,8,4,3,13,2,1,1,2,7,1,0,0,0,0,0,1,2,7643.5,31,0.004055733629881599,6,5.17,35
1118,1956,Master,Married,50965.0,0,1,2013-02-20,87,544,13,85,8,6,29,3,10,4,5,8,1,0,0,0,0,0,0,3,16988.33,685,0.040321797375021555,22,31.14,58
7789,1965,PhD,Married,84618.0,0,0,2013-11-22,96,684,100,801,21,66,0,1,6,9,10,2,0,0,1,0,0,0,0,2,42309.0,1672,0.039518778510482404,26,64.31,49
8955,1957,PhD,Together,40451.0,0,2,2014-02-16,54,35,0,4,0,0,10,1,1,1,2,5,1,0,0,0,0,0,0,4,10112.75,49,0.004845368470495167,5,9.8,57
5644,1957,Graduation,Together,42213.0,0,1,2013-10-12,96,309,3,24,4,3,20,2,5,1,7,7,0,1,0,0,0,0,0,3,14071.0,363,0.025797740032691353,15,24.2,57
2324,1972,Graduation,Together,77044.0,0,1,2013-10-27,12,625,38,242,50,34,76,2,7,11,11,4,1,0,0,0,0,0,0,3,25681.33,1065,0.04146981484214408,31,34.35,42
697,1969,Graduation,Together,74918.0,0,0,2013-03-12,78,972,59,913,25,19,59,1,5,9,6,3,0,0,1,0,0,0,0,2,37459.0,2047,0.054646413411997115,21,97.48,45
1506,1975,Graduation,Single,42160.0,1,1,2013-06-28,26,48,9,45,3,15,20,4,2,1,4,6,0,0,0,0,0,0,1,3,14053.33,140,0.009962051698778866,11,12.73,39
1627,1957,2n Cycle,Divorced,77297.0,0,0,2013-01-26,84,408,61,109,48,122,41,1,5,7,9,4,0,0,0,1,0,0,0,1,77297.0,789,0.010207381916503874,22,35.86,57
938,1981,Graduation,Married,40211.0,1,1,2013-07-30,30,51,1,7,2,1,25,2,2,1,2,8,1,0,0,0,0,0,0,4,10052.75,87,0.008654348312650767,7,12.43,33
4058,1955,PhD,Single,61284.0,0,0,2013-10-12,76,618,15,106,20,7,45,1,11,2,8,6,0,1,0,0,0,0,0,1,61284.0,811,0.013233470400104431,22,36.86,59
7736,1986,Graduation,Married,22518.0,1,0,2012-10-22,36,11,7,12,2,2,27,2,2,1,2,5,1,0,0,0,0,0,1,3,7506.0,61,0.008126831867839062,7,8.71,28
9757,1972,Graduation,Together,84906.0,0,0,2013-10-04,98,997,15,414,99,30,76,1,5,6,12,2,0,1,1,0,1,0,0,2,42453.0,1631,0.03841895743528137,24,67.96,42
4138,1962,Graduation,Single,76624.0,0,1,2014-05-24,68,411,106,147,54,115,66,1,5,10,7,1,1,0,0,0,0,0,0,2,38312.0,899,0.02346523282522447,23,39.09,52
10833,1975,Graduation,Married,65106.0,0,1,2014-05-24,55,790,19,133,12,0,19,3,8,3,13,6,0,1,0,0,0,0,0,3,21702.0,973,0.044834577458298774,27,36.04,39
9606,1965,PhD,Married,69969.0,0,0,2013-08-27,64,882,29,514,38,29,44,1,4,2,6,3,0,0,1,1,0,0,1,2,34984.5,1536,0.043905157998542214,13,118.15,49
8534,1952,Graduation,Married,67433.0,0,2,2013-07-16,51,615,28,259,12,48,30,4,6,5,13,4,0,1,0,0,0,0,0,4,16858.25,992,0.05884359289961888,28,35.43,62
5153,1967,PhD,Married,77766.0,0,1,2013-02-22,97,1004,59,265,115,59,27,2,11,10,11,6,1,0,0,0,0,0,1,3,25922.0,1529,0.0589846462464316,34,44.97,47
6653,1970,PhD,Married,55158.0,1,1,2012-07-30,72,293,0,87,4,11,23,4,7,2,5,7,0,0,0,0,0,0,1,4,13789.5,418,0.030312919250154103,18,23.22,44
9094,1955,2n Cycle,Married,62972.0,0,1,2012-08-03,39,313,15,47,20,0,192,2,7,4,3,6,0,0,0,0,0,0,1,3,20990.67,587,0.027964805315885584,16,36.69,59
5493,1976,Graduation,Married,39356.0,1,1,2014-03-19,21,15,0,2,0,0,6,1,1,0,2,6,1,0,0,0,0,0,0,4,9839.0,23,0.0023376359386116474,4,5.75,38
2147,1969,Graduation,Together,76653.0,0,0,2013-08-16,91,736,63,946,219,189,126,1,4,7,11,2,0,0,1,1,0,0,0,2,38326.5,2279,0.059462773798807614,23,99.09,45
5107,1973,PhD,Divorced,35860.0,1,1,2014-05-19,37,15,0,8,4,2,20,2,1,1,2,5,1,0,0,0,0,0,0,3,11953.33,49,0.004099276101303988,6,8.17,41
3979,1983,PhD,Divorced,90687.0,0,0,2013-05-22,98,982,17,672,23,34,51,1,6,2,8,2,0,0,1,0,0,0,1,1,90687.0,1779,0.019616924145687914,17,104.65,31
6049,1982,Master,Together,73450.0,0,0,2013-12-05,85,1142,51,415,90,69,37,1,7,8,11,3,1,0,0,1,0,0,0,2,36725.0,1804,0.049121851599727706,27,66.81,32
1857,1952,Graduation,Single,47139.0,1,1,2014-03-06,2,46,0,12,0,2,23,2,2,1,2,7,0,0,0,0,0,0,1,3,15713.0,83,0.005282250365939031,7,11.86,62
3910,1975,Graduation,Divorced,83829.0,0,0,2013-10-08,78,897,161,430,186,161,27,0,4,7,6,1,1,0,1,1,0,0,1,1,83829.0,1862,0.02221188371565926,17,109.53,39
5207,1963,PhD,Married,53378.0,1,1,2012-09-24,41,489,6,152,8,6,132,10,9,4,6,8,0,0,0,0,0,0,1,4,13344.5,793,0.05942523136872869,29,27.34,51
1740,1944,Graduation,Married,55956.0,0,0,2014-04-07,22,760,38,104,50,9,38,2,7,3,4,4,0,1,0,0,0,0,0,2,27978.0,999,0.03570662663521338,16,62.44,70
195,1972,Graduation,Single,38808.0,1,0,2012-08-26,21,125,17,52,3,19,30,4,5,1,4,8,1,0,0,0,0,0,1,2,19404.0,246,0.012677798392084107,14,17.57,42
10319,1971,Graduation,Married,66303.0,0,1,2013-02-26,56,1090,12,96,16,12,60,4,3,4,11,8,0,1,0,0,0,0,0,3,22101.0,1286,0.05818741233428352,22,58.45,43
2296,1975,Master,Married,37368.0,1,0,2013-12-16,4,3,2,11,2,2,10,1,1,0,2,6,1,0,0,0,0,0,0,3,12456.0,30,0.0024084778420038534,4,7.5,39
2931,1978,Graduation,Divorced,71847.0,0,0,2012-09-21,95,737,21,106,55,63,210,0,6,7,9,3,0,0,0,1,0,0,0,1,71847.0,1192,0.016590811028992163,22,54.18,36
3698,1983,Graduation,Together,78687.0,0,0,2012-08-09,13,817,185,687,145,55,241,1,4,6,8,2,0,0,1,0,0,0,1,2,39343.5,2130,0.054138548934385605,19,112.11,31
9516,1971,2n Cycle,Divorced,49118.0,0,0,2012-08-18,90,620,54,239,99,98,119,2,9,7,10,7,0,1,0,0,1,0,1,1,49118.0,1229,0.025021377091901137,28,43.89,43
339,1972,PhD,Married,57091.0,0,1,2012-11-23,82,462,0,24,6,0,4,2,9,2,5,7,0,1,0,0,0,0,1,3,19030.33,496,0.026063657330167158,18,27.56,42
9010,1972,Master,Married,83151.0,0,0,2013-02-10,80,968,147,842,137,42,210,1,5,7,10,2,1,0,1,1,0,0,1,2,41575.5,2346,0.056427463289677814,23,102.0,42
5543,1966,Graduation,Together,57811.0,0,1,2013-06-24,49,545,7,114,37,21,78,5,7,2,11,5,0,1,0,0,0,0,0,3,19270.33,802,0.041618384324503,25,32.08,48
1577,1946,Graduation,Married,78569.0,0,0,2014-02-19,14,558,79,622,207,175,95,1,4,6,4,1,0,0,1,0,0,0,1,2,39284.5,1736,0.044190456795937326,15,115.73,68
6024,1953,Graduation,Together,94384.0,0,0,2013-03-04,62,1111,24,790,160,45,172,0,5,8,5,2,0,1,1,1,0,0,1,2,47192.0,2302,0.0487794541447703,18,127.89,61
6055,1979,Graduation,Married,71626.0,0,0,2012-11-01,94,546,72,376,94,145,72,1,5,5,8,3,0,1,0,0,0,0,0,2,35813.0,1305,0.0364392818250356,19,68.68,35
4394,1965,PhD,Married,81051.0,0,0,2014-05-23,43,1142,29,249,38,29,14,1,5,5,12,2,0,1,1,0,0,0,0,2,40525.5,1501,0.037038407916003505,23,65.26,49
5758,1982,Graduation,Married,65169.0,0,0,2014-01-14,23,1074,0,69,0,0,46,1,10,4,13,6,1,0,1,1,1,0,1,2,32584.5,1189,0.03648974205527168,28,42.46,32
9206,1968,Graduation,Together,77382.0,0,1,2014-01-07,36,491,48,231,112,105,134,2,5,7,12,1,0,0,1,0,0,0,0,3,25794.0,1121,0.04345971931456928,26,43.12,46
10971,1977,Graduation,Single,37774.0,2,0,2012-09-03,28,173,8,107,7,2,176,4,7,2,3,9,1,0,0,0,0,1,1,3,12591.33,473,0.03756553120281972,16,29.56,37
158,1945,PhD,Together,71604.0,0,0,2013-11-17,3,345,53,528,98,75,97,1,8,3,5,4,1,0,0,0,0,0,1,2,35802.0,1196,0.03340595497458242,17,70.35,69
5621,1969,Graduation,Married,48752.0,1,1,2012-12-12,8,73,57,100,71,15,0,5,6,1,5,9,0,0,0,0,0,0,1,4,12188.0,316,0.025927141450607153,17,18.59,45
1945,1962,Graduation,Married,71434.0,0,1,2013-09-18,4,711,36,217,172,96,168,3,7,4,7,4,0,1,0,1,0,0,0,3,23811.33,1400,0.05879553977035302,21,66.67,52
2535,1978,Master,Married,88097.0,1,0,2012-08-18,24,163,0,480,0,126,75,1,6,5,8,9,0,1,1,1,0,0,1,3,29365.67,844,0.028741043538254026,20,42.2,36
942,1982,Graduation,Single,39660.0,1,0,2012-08-08,36,139,13,78,20,13,36,3,7,1,3,9,0,0,0,0,0,0,1,2,19830.0,299,0.01507816439737771,14,21.36,32
9386,1962,Graduation,Together,50127.0,0,1,2014-05-29,88,274,0,21,4,6,15,1,5,1,6,6,0,1,0,0,0,0,0,3,16709.0,320,0.019151355556885512,13,24.62,52
873,1949,Master,Married,62845.0,1,1,2012-10-01,3,1099,0,45,0,0,34,11,3,4,10,8,0,1,0,0,0,0,1,4,15711.25,1178,0.07497812077333121,28,42.07,65
7793,1976,Graduation,Together,62061.0,0,1,2013-08-31,12,641,7,84,0,30,38,3,10,4,7,6,0,1,0,0,0,0,0,3,20687.0,800,0.03867162952578914,24,33.33,38
1745,1962,PhD,Divorced,85696.0,0,0,2013-05-03,88,714,76,395,116,0,12,1,4,6,9,1,0,0,0,0,0,0,1,1,85696.0,1313,0.015321601941747573,20,65.65,52
5080,1993,Graduation,Single,70515.0,0,0,2013-10-21,12,420,0,452,182,64,140,1,6,6,4,2,0,0,0,0,0,0,1,1,70515.0,1258,0.01784017584911012,17,74.0,21
2407,1982,Graduation,Married,69109.0,0,0,2012-11-09,10,823,25,459,124,29,95,1,6,6,7,4,0,0,1,0,0,0,1,2,34554.5,1555,0.045001374640061355,20,77.75,32
7912,1978,Graduation,Married,38136.0,1,0,2013-04-22,69,8,15,27,0,20,33,2,3,1,2,8,1,0,0,0,0,0,0,3,12712.0,103,0.008102580239144116,8,12.88,36
1384,1992,Basic,Married,17256.0,1,0,2013-11-23,10,6,4,14,8,8,22,2,2,1,2,8,1,0,0,0,0,0,0,3,5752.0,62,0.010778859527121001,7,8.86,22
10507,1977,2n Cycle,Divorced,59601.0,0,1,2013-07-25,14,691,7,69,0,7,23,4,2,2,7,8,0,1,0,0,0,0,0,2,29800.5,797,0.026744517709434406,15,53.13,37
2674,1958,Master,Single,75154.0,0,1,2012-09-04,79,543,10,205,160,143,82,1,6,3,6,3,0,0,0,0,0,0,1,2,37577.0,1143,0.03041754264576736,16,71.44,56
5675,1960,PhD,Divorced,50611.0,0,1,2012-10-04,98,459,0,24,6,0,4,6,4,5,7,6,0,1,0,0,0,0,0,2,25305.5,493,0.019481930805556106,22,22.41,54
6770,1985,Graduation,Married,21355.0,1,0,2013-08-20,5,5,13,14,0,5,31,2,2,1,2,6,1,0,0,0,0,0,1,3,7118.33,68,0.009552802412925504,7,9.71,29
8773,1971,Master,Together,57420.0,0,1,2013-06-25,22,280,0,18,0,0,24,3,5,1,6,7,0,1,0,0,0,0,0,3,19140.0,322,0.01682340647857889,15,21.47,43
10909,1948,Graduation,Married,92344.0,0,0,2014-01-15,9,992,24,694,51,19,119,0,5,10,5,1,1,0,1,0,0,0,0,2,46172.0,1899,0.04112882266308585,20,94.95,66
4188,1957,Graduation,Single,36864.0,0,1,2012-08-13,53,204,5,39,17,0,89,3,5,2,4,8,0,0,0,0,0,0,1,2,18432.0,354,0.019205729166666668,14,25.29,57
10010,1953,PhD,Divorced,36957.0,1,1,2012-09-06,43,100,2,16,2,1,31,4,3,2,2,9,0,0,0,0,0,0,1,3,12319.0,152,0.012338663852585438,11,13.82,61
9121,1972,Graduation,Married,80134.0,1,0,2013-05-20,40,1218,16,272,104,0,80,2,5,3,6,6,0,1,1,1,0,0,1,3,26711.33,1690,0.06326903227956077,16,105.62,42
4310,1944,Graduation,Married,80589.0,0,0,2014-01-22,25,507,93,520,242,40,26,1,5,10,5,1,0,0,0,1,0,0,1,2,40294.5,1428,0.03543907977515542,21,68.0,70
2561,1966,Graduation,Single,63810.0,0,1,2012-11-11,45,977,12,253,16,12,101,4,4,3,12,8,0,1,0,0,0,0,0,2,31905.0,1371,0.04297132110954396,23,59.61,48
9349,1985,Graduation,Married,92533.0,0,0,2013-12-19,84,693,21,118,110,147,42,1,6,5,11,2,0,0,1,1,0,0,0,2,46266.5,1131,0.02444533301632931,23,49.17,29
922,1979,2n Cycle,Married,31086.0,1,1,2013-05-04,79,16,2,11,3,0,16,2,1,1,2,8,1,0,0,0,0,0,0,4,7771.5,48,0.006176413819725921,6,8.0,35
6856,1979,Graduation,Together,21645.0,1,0,2012-09-03,75,14,0,23,4,5,19,3,3,0,3,9,0,0,0,0,0,0,1,3,7215.0,65,0.009009009009009009,9,7.22,35
4530,1948,Master,Widow,78427.0,0,0,2012-10-24,36,972,19,595,180,26,138,3,3,7,10,3,0,0,0,1,0,0,1,1,78427.0,1930,0.02460887194461091,23,83.91,66
1553,1946,Graduation,Together,82657.0,0,0,2013-09-27,71,966,168,672,246,105,126,1,7,5,10,4,0,1,0,1,0,0,0,2,41328.5,2283,0.05524033052252078,23,99.26,68
5221,1957,Graduation,Married,52852.0,0,1,2012-12-01,93,714,8,99,11,0,47,4,10,7,5,8,1,0,0,0,0,0,0,3,17617.33,879,0.04989405318513077,26,33.81,57
6246,1953,Graduation,Single,73892.0,0,0,2013-11-13,40,703,102,601,0,58,43,1,3,11,8,1,0,0,0,0,0,0,1,1,73892.0,1507,0.02039463000054133,23,65.52,61
4042,1971,Graduation,Divorced,43300.0,0,1,2012-10-13,87,91,3,52,2,1,31,3,4,0,4,8,0,0,0,0,0,0,1,2,21650.0,180,0.008314087759815243,11,16.36,43
10133,1970,Graduation,Single,93790.0,0,0,2014-02-12,16,1302,68,731,89,114,45,0,6,7,12,2,0,1,1,1,0,0,1,1,93790.0,2349,0.02504531399936027,25,93.96,44
2525,1974,PhD,Married,38410.0,0,0,2012-09-14,65,153,64,123,116,64,14,2,5,2,9,6,0,0,0,0,0,0,1,2,19205.0,534,0.027805259047123145,18,29.67,40
8233,1950,Master,Widow,64866.0,0,1,2014-01-26,9,508,5,21,7,5,10,4,7,3,7,5,0,1,0,0,0,0,0,2,32433.0,556,0.017143033330250055,21,26.48,64
2945,1955,PhD,Together,46015.0,1,1,2014-04-13,25,38,0,2,0,0,6,1,1,0,3,7,1,0,0,0,1,0,0,4,11503.75,46,0.003998696077366077,5,9.2,59
7521,1952,Graduation,Together,83844.0,0,0,2013-05-12,57,901,31,345,75,31,191,1,4,4,11,1,0,0,1,0,0,0,0,2,41922.0,1574,0.03754591861075331,20,78.7,62
4070,1969,PhD,Married,94871.0,0,2,2012-09-01,99,169,24,553,188,0,144,1,8,5,4,7,0,1,1,0,0,0,1,4,23717.75,1078,0.045451191618091934,18,59.89,45
9559,1961,PhD,Married,57072.0,0,1,2014-01-24,79,944,0,60,0,0,30,2,7,5,13,5,1,0,0,0,0,0,0,3,19024.0,1034,0.05435239697224559,27,38.3,53
5529,1946,PhD,Together,64014.0,2,1,2014-06-10,56,406,0,30,0,0,8,7,8,2,5,7,0,0,0,1,0,0,0,5,12802.8,444,0.03467991376886306,22,20.18,68
9743,1955,Graduation,Married,76998.0,0,1,2013-01-11,85,1449,89,161,69,35,107,2,11,8,8,6,0,0,1,0,0,0,0,3,25666.0,1910,0.07441751733811268,29,65.86,59
3478,1971,PhD,Married,60585.0,1,1,2013-06-24,17,267,42,309,55,42,21,10,7,4,9,5,0,0,0,0,0,0,1,4,15146.25,736,0.048592886027894695,30,24.53,43
1763,1988,Graduation,Together,87679.0,0,0,2013-07-27,62,1259,172,815,97,148,33,1,7,11,10,4,1,0,1,1,0,0,1,2,43839.5,2524,0.05757364933450427,29,87.03,26
2072,1969,PhD,Together,53374.0,0,1,2012-08-16,34,896,10,101,13,10,34,6,4,2,9,9,1,0,0,0,0,0,1,3,17791.33,1064,0.059804410350434725,21,50.67,45
3340,1977,Graduation,Married,42014.0,1,0,2012-08-17,56,244,15,108,4,15,50,6,7,1,6,8,0,0,0,0,0,0,1,3,14004.67,436,0.031132472239617213,20,21.8,37
3584,1955,PhD,Single,49667.0,0,0,2012-08-20,35,1181,26,120,17,13,39,2,5,10,5,8,1,0,0,0,0,0,1,1,49667.0,1396,0.028107193911450258,22,63.45,59
3643,1974,Master,Married,63206.0,0,0,2014-03-20,65,750,8,125,11,8,26,1,4,3,6,2,0,0,1,0,0,0,0,2,31603.0,928,0.02936430085751353,14,66.29,40
7706,1975,2n Cycle,Together,46772.0,0,1,2012-11-07,88,350,104,189,197,151,57,6,11,8,5,8,1,0,0,0,0,0,0,3,15590.67,1048,0.0672196897246879,30,34.93,39
3865,1977,2n Cycle,Together,20981.0,0,0,2013-04-30,14,2,12,10,6,13,30,1,3,1,2,8,0,0,0,0,0,0,1,2,10490.5,73,0.006958676898145942,7,10.43,37
3887,1970,Graduation,Single,27242.0,1,0,2012-11-11,2,3,17,26,20,1,39,2,2,0,3,9,0,0,0,0,0,0,1,2,13621.0,106,0.007782101167315175,7,15.14,44
4278,1983,PhD,Single,87188.0,0,0,2013-06-03,73,910,111,724,49,74,55,1,10,2,6,3,0,0,0,0,0,0,1,1,87188.0,1923,0.022055787493691793,19,101.21,31
830,1987,PhD,Single,74004.0,0,0,2014-02-24,5,784,48,560,42,176,48,1,4,6,4,3,0,0,1,1,0,0,1,1,74004.0,1658,0.022404194367872006,15,110.53,27
6050,1975,2n Cycle,Married,57036.0,0,1,2012-12-11,33,1171,43,219,19,14,47,4,6,3,13,9,1,0,0,0,0,0,0,3,19012.0,1513,0.07958131706290764,26,58.19,39
125,1958,2n Cycle,Together,53083.0,1,1,2013-05-15,65,215,7,33,3,0,13,6,5,1,5,7,0,1,0,0,0,0,0,4,13270.75,271,0.020420850366407325,17,15.94,56
2804,1975,Master,Single,46098.0,1,1,2012-08-18,86,57,0,27,0,0,36,4,3,2,2,8,0,0,0,0,0,0,1,3,15366.0,120,0.007809449433814916,11,10.91,39
10530,1959,PhD,Widow,67786.0,0,0,2013-12-07,0,431,82,441,80,20,102,1,3,6,6,1,0,0,0,0,0,0,1,1,67786.0,1156,0.017053668899182722,16,72.25,55
1079,1971,PhD,Married,71969.0,0,1,2012-10-16,59,1000,0,76,0,0,10,3,3,4,9,8,0,1,0,0,0,0,0,3,23989.67,1086,0.04526948474072382,19,57.16,43
5636,1963,Graduation,Single,30983.0,0,0,2012-11-09,50,51,4,50,12,1,49,1,4,0,3,8,0,0,0,0,0,0,1,1,30983.0,167,0.00539005260949553,8,20.88,51
7321,1962,Graduation,Together,76081.0,0,0,2014-05-23,85,292,30,415,63,33,200,1,4,5,4,2,0,0,0,1,0,0,0,2,38040.5,1033,0.027155268726751752,14,73.79,52
955,1962,Master,Together,47175.0,1,1,2012-10-28,81,167,2,44,6,2,19,7,4,2,4,8,1,0,0,0,0,0,1,4,11793.75,240,0.020349761526232114,17,14.12,52
7476,1964,Master,Single,63972.0,0,1,2012-12-02,93,928,63,254,0,12,12,4,5,4,10,4,0,1,0,0,0,0,0,2,31986.0,1269,0.03967360720315138,23,55.17,50
10478,1950,PhD,Married,55517.0,1,1,2012-09-27,53,483,0,108,0,6,36,5,11,1,6,9,0,0,0,0,0,0,1,4,13879.25,633,0.04560765171028694,23,27.52,64
4261,1946,PhD,Single,82800.0,0,0,2012-11-24,23,1006,22,115,59,68,45,1,7,6,12,3,0,0,1,1,0,0,1,1,82800.0,1315,0.015881642512077295,26,50.58,68
5350,1991,Master,Single,90638.0,0,0,2014-02-13,29,1156,120,915,94,144,96,1,3,4,10,1,0,0,1,0,0,0,1,1,90638.0,2525,0.027858072773009113,18,140.28,23
8685,1977,Graduation,Married,42014.0,1,0,2012-08-17,56,244,15,108,4,15,50,6,7,1,6,8,0,0,0,0,0,0,1,3,14004.67,436,0.031132472239617213,20,21.8,37
2130,1982,Graduation,Together,45203.0,2,0,2014-03-23,4,35,3,67,10,8,24,1,3,1,3,6,0,0,0,0,0,0,1,4,11300.75,147,0.013007986195606487,8,18.38,32
9298,1947,PhD,Together,81574.0,0,0,2014-04-28,89,1252,0,465,46,35,0,1,4,5,8,1,0,1,1,0,0,0,0,2,40787.0,1798,0.044082673400838504,18,99.89,67
4608,1987,Graduation,Divorced,81361.0,0,0,2014-02-25,18,163,23,424,27,65,76,1,3,10,13,1,0,0,0,0,0,0,1,1,81361.0,778,0.009562321013753518,27,28.81,27
1626,1973,PhD,Divorced,35860.0,1,1,2014-05-19,37,15,0,8,4,2,20,2,1,1,2,5,1,0,0,0,0,0,1,3,11953.33,49,0.004099276101303988,6,8.17,41
4764,1952,Master,Together,40442.0,1,1,2012-08-19,52,45,12,52,25,22,13,4,3,1,4,7,0,0,0,0,0,0,1,4,10110.5,169,0.01671529597942733,12,14.08,62
2612,1987,Graduation,Married,75794.0,0,0,2013-12-24,33,754,160,625,63,32,48,1,7,5,12,3,0,0,0,1,0,0,0,2,37897.0,1682,0.04438346043222419,25,67.28,27
10069,1988,Basic,Together,13724.0,1,0,2012-08-31,43,2,7,5,2,15,27,1,2,0,2,9,1,0,0,0,0,0,0,3,4574.67,58,0.01267851014390109,5,11.6,26
1041,1973,PhD,Single,48432.0,0,1,2012-10-18,3,322,3,50,4,3,42,5,7,1,6,8,0,0,0,0,0,0,1,2,24216.0,424,0.017509084902543774,19,22.32,41
3409,1984,Graduation,Single,36108.0,1,0,2013-10-15,68,141,8,129,3,11,47,3,7,1,4,9,1,0,0,0,0,0,0,2,18054.0,339,0.01877700232635427,15,22.6,30
5453,1956,Master,Married,90226.0,0,0,2012-09-26,26,1083,108,649,253,151,108,1,4,7,12,2,0,0,0,1,0,0,0,2,45113.0,2352,0.052135748010551285,24,98.0,58
2565,1955,Master,Divorced,70638.0,0,0,2013-06-01,69,1016,12,215,16,12,63,1,4,5,10,3,0,1,0,0,0,0,0,1,70638.0,1334,0.0188850193946601,20,66.7,59
4656,1990,2n Cycle,Single,51250.0,1,0,2013-03-30,28,342,32,230,34,32,40,5,10,5,4,9,1,0,0,0,0,0,0,2,25625.0,710,0.027707317073170732,24,29.58,24
9242,1990,Graduation,Single,64509.0,0,0,2013-08-17,19,836,185,575,24,25,77,1,6,3,9,4,1,0,0,0,0,0,1,1,64509.0,1722,0.0266939496814398,19,90.63,24
6215,1977,Graduation,Married,31353.0,1,1,2013-12-29,24,10,0,10,3,1,7,2,1,1,2,8,0,0,0,0,0,0,1,4,7838.25,31,0.00395496443721494,6,5.17,37
8286,1965,PhD,Together,51717.0,0,1,2013-08-20,55,98,1,17,0,1,5,1,3,0,4,7,0,1,0,0,0,0,0,3,17239.0,122,0.007076976622773943,8,15.25,49
9986,1982,Graduation,Together,19444.0,1,0,2014-02-22,8,16,0,23,3,2,10,3,4,1,2,7,0,0,0,0,0,0,1,3,6481.33,54,0.008331623293367256,10,5.4,32
1665,1964,PhD,Divorced,64140.0,0,2,2013-09-23,71,1459,0,61,0,15,215,5,2,5,6,5,1,0,1,0,1,0,1,3,21380.0,1750,0.08185219831618334,18,97.22,50
7005,1981,Graduation,Single,58684.0,0,0,2014-06-16,71,479,35,179,28,7,85,1,5,3,12,2,0,1,0,0,0,0,0,1,58684.0,813,0.013853861359143889,21,38.71,33
6409,1967,Graduation,Divorced,57136.0,0,0,2013-05-18,18,267,140,599,34,12,127,1,7,5,7,6,0,0,0,0,0,0,1,1,57136.0,1179,0.02063497619714366,20,58.95,47
8395,1961,Graduation,Single,82014.0,0,0,2012-08-20,48,980,37,265,35,163,31,1,3,6,12,6,0,0,0,0,0,0,1,1,82014.0,1511,0.018423683761309043,22,68.68,53
10352,1963,Graduation,Widow,34213.0,1,1,2012-09-07,2,50,4,28,6,3,26,3,3,1,2,9,0,0,0,0,0,0,1,3,11404.33,117,0.010259261175360588,9,13.0,51
2781,1981,Graduation,Single,72066.0,0,0,2014-06-23,55,1003,34,536,134,51,34,1,4,6,6,2,0,0,1,1,0,0,1,1,72066.0,1792,0.024866094968501097,17,105.41,33
4127,1967,PhD,Married,77766.0,0,1,2013-02-22,97,1004,59,265,115,59,27,2,11,10,11,6,1,0,0,0,0,0,1,3,25922.0,1529,0.0589846462464316,34,44.97,47
8143,1985,PhD,Single,37929.0,0,0,2013-07-30,49,202,2,46,3,2,10,2,4,2,5,7,0,1,0,1,0,0,1,1,37929.0,265,0.006986738379603997,13,20.38,29
3690,1986,Master,Married,80141.0,0,0,2013-01-11,20,1184,102,673,52,40,40,1,7,4,10,6,0,0,1,0,0,0,1,2,40070.5,2091,0.0521830274141825,22,95.05,28
3433,1955,2n Cycle,Married,72635.0,0,0,2013-06-03,54,390,22,323,104,35,107,1,6,8,6,3,0,0,0,1,0,0,0,2,36317.5,981,0.027011771184690576,21,46.71,59
1215,1978,Graduation,Together,70440.0,0,0,2013-10-08,49,690,117,499,76,102,88,1,5,10,7,3,0,0,0,1,0,0,0,2,35220.0,1572,0.04463373083475298,23,68.35,36
1891,1980,Master,Divorced,78789.0,0,0,2012-08-08,12,667,50,850,21,83,83,1,4,6,5,2,0,0,0,0,0,0,1,1,78789.0,1754,0.02226199088705276,16,109.62,34
2570,1968,Graduation,Together,56534.0,0,1,2013-07-23,35,691,7,61,10,0,46,4,10,4,7,8,0,1,0,0,1,0,1,3,18844.67,815,0.04324830310108906,25,32.6,46
10742,1983,PhD,Married,86580.0,0,0,2013-02-27,72,532,21,127,26,20,20,0,4,2,5,1,0,0,1,0,0,0,0,2,43290.0,746,0.017232617232617233,11,67.82,31
7349,1973,Basic,Together,9722.0,1,0,2012-10-02,7,6,17,16,6,16,42,4,3,1,3,8,0,0,0,0,0,0,1,3,3240.67,103,0.031783550932368926,11,9.36,41
1351,1956,Master,Together,58656.0,0,1,2012-09-20,25,962,12,194,16,24,12,4,7,8,13,6,0,0,1,0,0,0,0,3,19552.0,1220,0.06239770867430442,32,38.12,58
477,1986,Graduation,Married,83512.0,0,0,2014-06-17,31,1060,61,835,80,20,101,1,4,7,10,1,1,0,1,1,1,0,1,2,41756.0,2157,0.05165724686272632,22,98.05,28
7832,1959,Master,Married,77520.0,0,1,2013-08-28,30,940,44,396,0,88,58,1,8,7,7,4,1,0,1,1,0,0,1,3,25840.0,1526,0.059055727554179566,23,66.35,55
7396,1966,Graduation,Married,80398.0,0,0,2012-11-10,92,342,51,936,207,35,26,1,5,8,12,3,0,0,1,0,0,0,0,2,40199.0,1597,0.039727356401900546,26,61.42,48
3498,1976,PhD,Married,55424.0,0,1,2012-11-25,6,462,61,184,10,53,107,4,7,5,9,6,1,0,0,0,0,0,1,3,18474.67,877,0.04747040136576188,25,35.08,38
1172,1983,PhD,Married,92491.0,0,0,2013-05-01,71,979,44,935,29,25,22,1,7,5,12,3,0,1,1,1,0,0,1,2,46245.5,2034,0.04398265777210756,25,81.36,31
569,1991,Graduation,Single,90273.0,0,0,2013-12-14,32,704,129,853,120,74,111,1,5,6,7,2,0,1,1,1,0,0,1,1,90273.0,1991,0.02205532108160801,19,104.79,23
4686,1962,PhD,Widow,82571.0,0,0,2014-04-02,28,861,31,558,62,95,79,0,6,5,13,2,0,0,1,0,0,0,0,1,82571.0,1686,0.020418791100991873,24,70.25,52
1381,1982,PhD,Single,38513.0,1,0,2014-01-28,20,172,3,115,16,0,18,5,6,1,5,8,0,0,0,0,0,0,1,2,19256.5,324,0.01682548749772804,17,19.06,32
2634,1979,Master,Single,16653.0,1,0,2014-04-18,10,5,7,31,15,4,7,3,2,1,3,6,0,0,0,0,0,0,1,2,8326.5,69,0.008286795172041074,9,7.67,35
10905,1955,Graduation,Together,42586.0,1,1,2012-10-29,7,194,2,56,0,0,0,5,4,1,6,8,0,0,0,0,0,0,1,4,10646.5,252,0.023669750622270228,16,15.75,59
4351,1955,Graduation,Divorced,37244.0,1,1,2013-04-27,90,18,2,10,0,0,25,1,1,1,2,7,1,0,0,0,0,0,0,3,12414.67,55,0.004430242608140208,5,11.0,59
10129,1966,Graduation,Together,82427.0,0,0,2014-03-12,35,482,147,509,104,107,107,1,3,5,12,1,0,0,1,0,0,0,0,2,41213.5,1456,0.035328229827605036,21,69.33,48
5796,1963,Graduation,Married,77437.0,0,0,2013-11-26,70,560,21,442,29,44,29,1,4,5,13,1,0,0,1,0,0,0,0,2,38718.5,1125,0.029055877681211824,23,48.91,51
10556,1959,Graduation,Married,54984.0,0,1,2014-05-24,51,173,13,131,32,3,6,4,6,1,6,7,0,0,0,1,0,0,0,3,18328.0,358,0.01953295504146661,17,21.06,55
48,1964,Graduation,Together,55761.0,0,1,2014-04-24,97,136,1,12,0,3,32,2,4,1,3,6,0,1,0,0,0,0,0,3,18587.0,184,0.009899392048205734,10,18.4,50
263,1945,PhD,Single,45576.0,0,0,2014-05-28,9,56,19,29,2,14,25,1,3,1,3,8,0,0,0,0,0,0,1,1,45576.0,145,0.0031814990345796035,8,18.12,69
10814,1947,Graduation,Together,70321.0,0,0,2013-01-16,6,303,23,751,82,26,191,1,6,5,13,4,0,0,0,0,0,0,1,2,35160.5,1376,0.039134824590094,25,55.04,67
737,1949,PhD,Married,80360.0,0,0,2013-03-03,56,1493,86,454,112,43,43,2,4,4,5,2,0,1,1,1,0,0,0,2,40180.0,2231,0.0555251368840219,15,148.73,65
3571,1961,PhD,Together,63342.0,0,1,2012-10-16,48,918,21,118,13,10,21,3,8,3,5,6,0,1,0,0,0,0,1,3,21114.0,1101,0.05214549587951123,19,57.95,53
5092,1949,PhD,Widow,51569.0,0,1,2013-02-12,39,380,0,47,6,0,34,4,7,1,7,8,0,1,0,0,0,0,1,2,25784.5,467,0.018111656227578585,19,24.58,65
3524,1971,Master,Single,39763.0,1,0,2013-08-04,9,80,1,60,4,6,16,2,5,1,2,9,0,0,0,0,0,0,1,2,19881.5,167,0.00839976862912758,10,16.7,43
5534,1975,Master,Married,47808.0,0,1,2013-10-20,30,123,1,26,2,0,72,2,3,2,3,7,1,0,0,0,0,0,0,3,15936.0,224,0.014056224899598393,10,22.4,39
5093,1974,PhD,Divorced,25509.0,1,0,2012-09-18,15,40,3,30,10,7,11,3,3,0,3,9,0,0,0,0,0,0,1,2,12754.5,101,0.00791877376612176,9,11.22,40
8910,1955,Graduation,Together,42586.0,1,1,2012-10-29,7,194,2,56,0,0,0,5,4,1,6,8,0,0,0,0,0,0,1,4,10646.5,252,0.023669750622270228,16,15.75,59
7261,1971,Graduation,Together,34600.0,1,1,2013-01-01,8,199,33,60,8,3,15,5,5,2,5,8,0,0,0,0,0,0,1,4,8650.0,318,0.03676300578034682,17,18.71,43
7960,1962,2n Cycle,Together,82122.0,0,0,2013-08-15,89,734,22,350,151,25,100,1,3,9,13,1,0,0,1,0,0,0,0,2,41061.0,1382,0.03365724166484012,26,53.15,52
9905,1952,Graduation,Together,34074.0,1,1,2013-07-13,69,135,1,41,10,1,67,5,3,3,3,6,1,0,0,0,0,0,0,4,8518.5,255,0.02993484768445149,14,18.21,62
8439,1964,Graduation,Together,63404.0,0,2,2014-06-06,97,734,26,70,11,44,17,2,6,3,4,4,0,0,0,1,0,0,0,4,15851.0,902,0.05690492713393477,15,60.13,50
6977,1974,Graduation,Together,75702.0,0,1,2012-10-14,87,1073,0,629,145,37,37,1,10,5,13,6,0,0,1,0,0,0,0,3,25234.0,1921,0.07612744709518902,29,66.24,40
4168,1966,Graduation,Single,37070.0,1,1,2013-03-20,30,231,7,137,4,15,39,9,5,1,8,7,0,0,0,0,0,0,1,3,12356.67,433,0.03504180333374607,23,18.83,48
8397,1951,Graduation,Married,44689.0,1,1,2014-01-10,82,18,0,5,0,0,11,2,1,1,2,7,1,0,0,0,0,0,0,4,11172.25,34,0.003043254492156907,6,5.67,63
1619,1956,Graduation,Married,90369.0,0,0,2014-04-28,2,292,51,981,224,23,17,1,4,6,6,1,0,0,0,0,0,0,1,2,45184.5,1588,0.035144795228452236,17,93.41,58
1990,1974,PhD,Single,63159.0,0,0,2012-11-05,74,965,34,586,89,86,37,1,3,5,8,3,1,0,0,0,0,0,0,1,63159.0,1797,0.028452002089963426,17,105.71,40
8093,1969,Master,Married,79734.0,0,0,2014-06-28,72,572,8,232,23,62,17,1,4,3,6,1,0,0,0,1,0,0,0,2,39867.0,914,0.02292622971379838,14,65.29,45
10513,1992,Graduation,Together,63207.0,0,0,2013-01-20,68,438,169,565,91,169,70,1,2,3,6,7,0,0,0,1,0,0,0,2,31603.5,1502,0.047526381571661364,12,125.17,22
5782,1982,2n Cycle,Together,58582.0,0,1,2013-09-28,15,402,35,106,101,77,42,2,9,2,9,5,0,1,0,0,0,0,0,3,19527.33,763,0.03907344219614253,22,34.68,32
10057,1951,Graduation,Single,72282.0,0,0,2013-07-19,70,503,27,419,90,139,153,1,5,7,9,7,0,0,0,0,0,0,1,1,72282.0,1331,0.01841398965164218,22,60.5,63
2415,1962,Graduation,Together,62568.0,0,1,2014-04-07,99,362,17,398,80,35,61,3,5,3,5,4,0,0,0,1,0,0,0,3,20856.0,953,0.04569428461833525,16,59.56,52
5302,1986,Graduation,Together,78394.0,0,0,2013-02-15,13,298,27,697,216,24,166,1,4,6,5,2,0,0,0,0,0,0,1,2,39197.0,1428,0.03643135954282215,16,89.25,28
1087,1975,Master,Together,22669.0,1,0,2013-05-22,30,16,14,36,37,22,48,3,4,1,2,9,0,0,0,0,0,0,1,3,7556.33,173,0.02289471211553757,10,17.3,39
10521,1977,Graduation,Married,54809.0,1,1,2013-09-11,0,63,6,57,13,13,22,4,2,1,5,4,0,0,0,0,0,0,1,4,13702.25,174,0.012698644383221734,12,14.5,37
332,1957,Graduation,Married,47743.0,0,1,2013-03-22,56,198,2,43,0,12,20,3,4,1,6,6,0,1,0,0,0,0,0,3,15914.33,275,0.01728002372704349,14,19.64,57
531,1954,PhD,Divorced,57333.0,0,1,2012-09-22,55,941,14,397,76,58,176,11,8,5,9,6,0,0,0,0,0,0,1,2,28666.5,1662,0.05797708126210036,33,50.36,60
6906,1953,Master,Widow,84953.0,0,0,2013-06-03,73,167,48,602,63,72,72,1,3,10,4,2,0,1,1,1,0,0,1,1,84953.0,1024,0.012053723823761374,18,56.89,61
7872,1975,PhD,Married,86836.0,0,0,2012-09-12,7,179,21,273,0,21,63,1,6,10,6,5,1,0,1,1,0,0,1,2,43418.0,557,0.01282878069003639,23,24.22,39
4427,1995,2n Cycle,Single,83257.0,0,0,2012-09-18,56,536,27,590,38,107,67,1,5,10,12,6,1,0,1,0,0,1,1,1,83257.0,1365,0.016395017836338087,28,48.75,19
9595,1961,Graduation,Together,64260.0,0,0,2013-01-11,1,539,169,816,20,0,30,1,4,5,4,3,0,0,0,0,0,0,1,2,32130.0,1574,0.04898848428260193,14,112.43,53
10163,1984,PhD,Single,82733.0,0,0,2013-09-10,28,712,50,420,65,38,38,1,8,4,7,4,0,0,0,0,0,0,1,1,82733.0,1323,0.015991200609188596,20,66.15,30
2886,1971,Master,Divorced,74290.0,0,1,2013-08-12,70,1121,0,72,0,12,12,4,10,8,10,6,0,1,0,1,0,0,0,2,37145.0,1217,0.03276349441378382,32,38.03,43
9064,1982,Graduation,Married,69109.0,0,0,2012-11-09,10,823,25,459,124,29,95,1,6,6,7,4,0,0,1,0,0,0,1,2,34554.5,1555,0.045001374640061355,20,77.75,32
3678,1973,Graduation,Widow,60208.0,1,1,2012-10-07,13,488,23,71,15,0,59,11,8,3,7,7,0,1,0,0,0,0,1,3,20069.33,656,0.03268669158362536,29,22.62,41
2186,1977,2n Cycle,Together,82326.0,0,0,2014-03-10,30,938,142,754,159,81,183,1,5,10,6,2,0,1,1,1,0,0,1,2,41163.0,2257,0.054830794645676945,22,102.59,37
3766,1959,Master,Widow,33051.0,0,0,2012-08-16,15,100,71,243,108,94,219,3,9,1,8,9,0,0,0,0,0,0,1,1,33051.0,835,0.025263985961090436,21,39.76,55
1399,1958,Graduation,Married,72905.0,0,0,2014-01-21,52,407,114,445,181,165,203,1,3,7,9,1,0,0,0,1,0,0,0,2,36452.5,1515,0.04156093546395995,20,75.75,56
3074,1984,PhD,Married,70643.0,0,0,2012-10-15,66,1218,107,304,23,143,33,1,5,8,4,6,0,0,0,0,0,0,1,2,35321.5,1828,0.05175318149002732,18,101.56,30
8341,1969,PhD,Married,30396.0,1,0,2014-04-30,22,15,0,6,0,1,12,2,1,1,2,7,1,0,0,0,0,0,1,3,10132.0,34,0.003355704697986577,6,5.67,45
6461,1969,Master,Single,62772.0,0,1,2013-05-19,74,581,49,157,43,8,108,1,5,6,11,2,0,1,0,0,0,0,0,2,31386.0,946,0.03014082712037214,23,41.13,45
5113,1971,PhD,Divorced,86979.0,0,0,2013-11-07,67,584,100,835,65,83,35,1,5,5,5,2,1,0,0,0,0,0,1,1,86979.0,1702,0.019567941687073893,16,106.38,43
2961,1982,Graduation,Married,42081.0,1,0,2013-02-26,86,175,10,110,54,6,27,2,6,3,4,6,1,0,0,0,0,0,0,3,14027.0,382,0.027233193127539745,15,25.47,32
3010,1989,Master,Together,88420.0,0,0,2014-05-02,87,957,153,612,99,95,153,1,4,7,8,1,1,0,1,1,0,0,0,2,44210.0,2069,0.046799366659126894,20,103.45,25
6892,1968,Graduation,Divorced,61671.0,0,1,2014-06-03,23,641,7,56,0,0,28,8,10,4,6,8,0,1,0,1,0,0,0,2,30835.5,732,0.02373887240356083,28,26.14,46
8462,1978,Basic,Together,24882.0,1,0,2012-09-09,52,1,4,10,29,0,36,1,1,1,2,6,1,0,0,0,0,0,0,3,8294.0,80,0.009645526886906198,5,16.0,36
5558,1954,PhD,Single,90933.0,0,0,2014-03-31,90,1020,31,430,62,63,79,1,4,6,4,1,0,0,1,0,0,0,0,1,90933.0,1685,0.018530126576710326,15,112.33,60
10951,1968,Graduation,Married,45688.0,0,1,2014-01-25,20,279,0,18,0,0,9,2,3,1,8,4,0,1,0,0,0,0,0,3,15229.33,306,0.020092807759763562,14,21.86,46
5623,1980,Master,Married,31535.0,1,0,2013-09-26,95,15,4,13,0,0,19,1,1,1,2,7,1,0,0,0,0,0,0,3,10511.67,51,0.00485175048303457,5,10.2,34
5544,1970,Graduation,Single,67384.0,0,1,2012-11-10,32,957,40,175,158,53,107,2,7,8,5,5,0,1,0,0,0,0,0,2,33692.0,1490,0.04422414816573667,22,67.73,44
5831,1967,Graduation,Married,77870.0,0,1,2012-08-22,93,1017,50,500,65,50,133,3,5,5,5,8,0,1,0,1,0,0,1,3,25956.67,1815,0.06992422371590809,18,100.83,47
10176,1968,Graduation,Single,57107.0,0,1,2012-08-24,44,159,0,120,0,0,137,7,4,4,8,8,0,1,0,0,1,0,1,2,28553.5,416,0.014569142136690773,23,18.09,46
3138,1956,Graduation,Single,91249.0,0,0,2012-10-20,84,1324,27,119,71,108,27,0,7,9,6,4,0,1,1,1,1,0,1,1,91249.0,1676,0.018367324573419982,22,76.18,58
4994,1943,Master,Single,77598.0,0,0,2013-10-01,53,1193,33,281,129,66,33,1,7,5,13,3,0,0,1,0,0,0,0,1,77598.0,1735,0.022358823681022707,26,66.73,71
10872,1969,PhD,Married,55212.0,0,1,2012-11-23,65,1103,0,45,0,0,34,3,4,2,11,8,0,1,0,0,1,0,0,3,18404.0,1182,0.06422516844164312,20,59.1,45
1867,1957,Graduation,Single,64849.0,0,0,2012-11-13,42,652,48,350,94,84,108,1,9,3,6,5,0,0,0,0,0,0,1,1,64849.0,1336,0.020601705500470323,19,70.32,57
4827,1956,PhD,Single,54998.0,0,1,2013-03-10,3,154,22,202,39,30,8,5,4,2,9,4,0,0,0,0,0,0,1,2,27499.0,455,0.01654605622022619,20,22.75,58
6250,1949,PhD,Widow,54356.0,0,1,2012-11-19,62,710,15,30,20,0,0,3,11,2,8,8,0,0,0,0,0,0,1,2,27178.0,775,0.02851571123702995,24,32.29,65
1139,1984,PhD,Married,73356.0,0,0,2014-02-06,56,1050,14,322,0,14,112,1,5,11,5,2,1,0,1,1,0,0,1,2,36678.0,1512,0.04122362178962866,22,68.73,30
10676,1982,Graduation,Married,63211.0,0,0,2012-11-02,3,145,193,459,205,26,145,2,3,8,7,2,0,0,0,0,0,0,1,2,31605.5,1173,0.0371137934853111,20,58.65,32
7919,1976,PhD,Together,72335.0,0,0,2012-08-13,2,1285,105,653,28,21,0,1,10,4,8,8,0,0,0,0,0,0,1,2,36167.5,2092,0.05784198520771411,23,90.96,38
10448,1956,Graduation,Single,46998.0,0,1,2012-10-22,55,172,41,86,45,6,27,5,5,3,5,7,1,0,0,0,0,0,0,2,23499.0,377,0.016043235882377972,18,20.94,58
2109,1990,Graduation,Single,96843.0,0,0,2013-04-23,60,448,71,951,40,17,17,1,6,11,10,2,0,0,1,0,0,0,1,1,96843.0,1544,0.015943330958355276,28,55.14,24
3009,1962,PhD,Widow,71670.0,0,0,2013-07-09,8,1462,16,128,0,0,160,1,5,3,6,6,0,1,1,0,1,0,1,1,71670.0,1766,0.024640714385377425,15,117.73,52
3517,1952,Graduation,Single,40887.0,1,1,2013-05-06,32,50,4,44,10,10,43,3,3,1,3,9,0,0,0,0,0,0,1,3,13629.0,161,0.011813045711350795,10,16.1,62
8537,1949,Graduation,Widow,72643.0,0,0,2013-02-27,60,526,80,553,123,94,53,1,3,10,7,2,0,0,0,1,0,0,1,1,72643.0,1429,0.019671544402075906,21,68.05,65
4331,1978,Master,Together,85738.0,0,0,2014-01-23,41,913,26,376,17,26,13,1,3,6,11,1,0,1,1,0,0,0,0,2,42869.0,1371,0.031981151881312835,21,65.29,36
6281,1966,Graduation,Divorced,55686.0,0,1,2013-02-14,27,673,0,199,37,47,26,2,6,3,5,4,1,0,0,0,0,0,0,2,27843.0,982,0.03526918794670115,16,61.38,48
4338,1983,Graduation,Single,39062.0,1,0,2014-03-25,28,23,0,9,0,0,12,1,1,0,3,4,1,0,0,0,0,0,0,2,19531.0,44,0.0022528288362091034,5,8.8,31
2452,1971,Graduation,Together,34600.0,1,1,2013-01-01,8,199,33,60,8,3,15,5,5,2,5,8,0,0,0,0,0,0,1,4,8650.0,318,0.03676300578034682,17,18.71,43
9289,1979,Graduation,Married,36781.0,1,0,2014-04-10,16,29,1,17,0,3,13,1,2,1,2,8,0,0,0,0,0,0,1,3,12260.33,63,0.0051385240038400275,6,10.5,35
10913,1984,Master,Single,31385.0,1,0,2012-12-05,56,3,2,12,0,1,9,1,1,0,2,8,1,0,0,0,0,0,1,2,15692.5,27,0.0017205671499123786,4,6.75,30
8524,1974,PhD,Divorced,25509.0,1,0,2012-09-18,15,40,3,30,10,7,11,3,3,0,3,9,0,0,0,0,0,0,1,2,12754.5,101,0.00791877376612176,9,11.22,40
3334,1951,Graduation,Married,94642.0,0,0,2014-02-12,35,879,143,797,106,143,143,0,5,7,9,1,0,0,1,1,0,0,0,2,47321.0,2211,0.046723442023625876,21,105.29,63
10949,1963,PhD,Divorced,72968.0,0,0,2013-12-16,8,1092,37,592,145,37,55,1,5,5,8,3,0,0,0,1,0,0,1,1,72968.0,1958,0.026833680517487118,19,103.05,51
6248,1947,Master,Single,91712.0,0,0,2013-10-17,47,1276,24,746,94,29,48,0,9,7,11,3,0,0,1,0,0,0,1,1,91712.0,2217,0.024173499651081648,27,82.11,67
10164,1958,Graduation,Single,94472.0,0,1,2014-04-03,75,1017,33,417,108,100,16,1,5,5,5,5,0,1,1,0,0,0,0,2,47236.0,1691,0.03579896688966043,16,105.69,56
6815,1980,2n Cycle,Married,96547.0,0,0,2014-05-23,4,448,21,125,52,101,62,0,7,6,8,2,1,0,1,1,0,0,1,2,48273.5,809,0.016758677120987706,21,38.52,34
4122,1975,Graduation,Married,79205.0,0,0,2012-08-29,73,504,23,117,179,28,44,1,6,5,4,4,0,0,0,1,0,0,1,2,39602.5,895,0.022599583359636386,16,55.94,39
5370,1973,PhD,Married,32644.0,1,0,2013-01-16,38,239,3,141,0,7,23,4,7,1,6,8,1,0,0,0,0,0,0,3,10881.33,413,0.03795491911374804,18,22.94,41
4023,1970,Graduation,Married,22979.0,1,0,2012-09-06,29,16,17,19,20,21,22,3,3,2,2,8,0,0,0,0,0,0,1,3,7659.67,115,0.015013701634665724,10,11.5,44
405,1964,Graduation,Divorced,41638.0,0,1,2013-02-13,68,315,0,31,4,0,91,4,5,5,3,8,1,0,0,0,0,0,0,2,20819.0,441,0.021182573610644122,17,25.94,50
500,1977,Graduation,Together,96876.0,0,0,2013-08-06,79,908,43,735,40,194,21,1,7,7,9,2,0,1,1,1,0,0,1,2,48438.0,1941,0.04007184441967051,24,80.88,37
3262,1958,Graduation,Single,68281.0,0,0,2012-08-07,31,995,112,417,42,48,41,1,2,9,13,5,0,0,0,0,0,0,1,1,68281.0,1655,0.02423807501354696,25,66.2,56
7042,1983,Graduation,Married,36790.0,0,0,2013-03-01,14,3,3,14,15,21,10,1,2,1,2,9,0,0,0,0,0,0,1,2,18395.0,66,0.0035879315031258495,6,11.0,31
9323,1949,Master,Together,49912.0,0,1,2012-09-07,5,520,8,223,32,49,42,4,10,5,7,8,1,0,0,0,0,0,1,3,16637.33,874,0.05253246764955674,26,33.62,65
3945,1947,PhD,Widow,68117.0,0,1,2013-03-10,80,618,44,215,0,17,36,2,11,8,4,6,1,0,0,0,0,0,1,2,34058.5,930,0.027305958864894227,25,37.2,67
983,1984,Graduation,Married,40059.0,1,0,2013-09-28,82,110,29,92,28,10,145,1,6,2,3,8,1,0,0,0,0,0,0,3,13353.0,414,0.0310042687036621,12,34.5,30
5628,1982,Graduation,Together,61416.0,0,0,2013-02-08,25,848,154,323,201,61,78,1,10,3,10,6,1,0,0,0,0,0,0,2,30708.0,1665,0.05422039859320047,24,69.38,32
10701,1973,Graduation,Married,65308.0,0,0,2013-09-11,60,713,0,264,120,80,34,1,7,8,12,4,0,0,1,1,0,0,0,2,32654.0,1211,0.03708580878299749,28,43.25,41
3507,1970,Graduation,Single,76467.0,1,0,2012-08-17,44,676,161,426,210,44,58,2,2,5,5,6,0,0,0,0,0,0,1,2,38233.5,1575,0.04119424065283063,14,112.5,44
4426,1975,Graduation,Single,55801.0,1,1,2013-09-22,35,367,4,51,6,4,95,6,7,2,6,7,0,0,0,1,0,0,0,3,18600.33,527,0.02833283065407979,21,25.1,39
10643,1987,PhD,Single,42000.0,0,0,2013-01-10,23,124,83,267,85,59,35,2,5,2,11,5,0,0,0,0,0,0,1,1,42000.0,653,0.015547619047619048,20,32.65,27
10281,1970,Graduation,Divorced,64713.0,1,0,2014-02-07,11,180,60,241,13,54,54,2,5,5,7,4,0,0,0,0,0,0,1,2,32356.5,602,0.018605226152395963,19,31.68,44
5250,1943,Master,Widow,73779.0,0,0,2013-10-30,75,532,126,490,164,126,126,1,5,5,11,1,0,0,1,0,0,0,1,1,73779.0,1564,0.021198444001680694,22,71.09,71
6343,1959,Graduation,Married,79823.0,0,1,2014-03-31,6,835,73,380,114,73,43,1,6,9,7,2,0,1,0,0,0,0,0,3,26607.67,1518,0.05705121868994918,23,66.0,55
4865,1974,Master,Divorced,53367.0,1,1,2013-08-31,2,229,7,140,10,3,11,7,5,1,8,7,0,0,0,0,0,0,1,3,17789.0,400,0.022485805835066614,21,19.05,40
7734,1993,Graduation,Single,79244.0,0,0,2012-12-19,58,471,102,125,212,61,245,1,4,10,7,1,0,0,1,1,0,0,1,1,79244.0,1216,0.015345010347786583,22,55.27,21
1146,1949,Master,Together,49912.0,0,1,2012-09-07,5,520,8,223,32,49,42,4,10,5,7,8,1,0,0,0,0,0,1,3,16637.33,874,0.05253246764955674,26,33.62,65
1103,1976,Master,Married,81929.0,1,0,2012-09-29,60,1486,55,278,49,0,185,2,4,4,10,6,1,0,1,0,0,0,1,3,27309.67,2053,0.07517483733783675,20,102.65,38
3422,1975,Graduation,Married,76068.0,0,1,2012-11-29,67,1115,12,128,33,12,76,1,2,3,4,6,0,1,0,0,1,0,0,3,25356.0,1376,0.05426723457958669,10,137.6,39
1241,1984,2n Cycle,Married,14796.0,1,0,2012-09-17,1,13,3,8,7,4,16,2,1,0,3,9,0,0,0,0,0,0,1,3,4932.0,51,0.010340632603406326,6,8.5,30
2909,1974,PhD,Married,78128.0,0,1,2014-02-19,89,934,24,230,16,24,36,2,8,4,6,3,0,1,1,0,0,0,0,3,26042.67,1264,0.04853573001539397,20,63.2,40
340,1970,Graduation,Divorced,72967.0,0,1,2012-12-15,1,158,35,179,0,0,125,2,7,2,8,5,1,0,0,0,0,0,1,2,36483.5,497,0.013622596516233366,19,26.16,44
3104,1961,Graduation,Single,82332.0,0,0,2012-09-17,89,830,59,968,51,79,19,1,5,3,12,2,0,0,1,0,0,0,1,1,82332.0,2006,0.024364767040761792,21,95.52,53
1008,1981,PhD,Together,44953.0,0,0,2012-12-21,31,728,17,133,11,8,124,1,7,3,13,6,1,0,0,0,0,0,0,2,22476.5,1021,0.045425221898427244,24,42.54,33
2115,1957,Graduation,Together,50116.0,1,1,2014-06-20,68,54,0,10,0,0,2,2,1,0,4,5,0,1,0,0,0,0,0,4,12529.0,66,0.0052677787532923615,7,9.43,57
2088,1972,Graduation,Together,84906.0,0,0,2013-10-04,98,997,15,414,99,30,76,1,5,6,12,2,0,1,1,0,1,0,0,2,42453.0,1631,0.03841895743528137,24,67.96,42
6292,1986,PhD,Married,82333.0,0,0,2013-03-30,60,1311,0,359,46,89,17,1,4,3,10,2,0,0,1,0,0,0,1,2,41166.5,1822,0.04425928849914372,18,101.22,28
1631,1965,PhD,Together,65220.0,0,0,2012-09-03,3,890,63,292,0,25,12,4,8,4,7,6,0,0,0,0,0,0,1,2,32610.0,1282,0.03931309414290095,23,55.74,49
3919,1976,Master,Single,72309.0,0,0,2013-03-11,64,960,0,883,50,38,0,1,5,6,8,3,0,0,0,1,0,0,1,1,72309.0,1931,0.02670483618913275,20,96.55,38
271,1969,Graduation,Widow,40590.0,1,1,2013-10-02,30,154,0,50,6,11,37,5,3,4,3,6,1,0,0,0,0,0,0,3,13530.0,258,0.019068736141906874,15,17.2,45
2715,1966,Master,Divorced,29435.0,1,1,2012-08-06,11,70,3,37,4,2,64,4,3,2,2,9,0,0,0,0,0,0,1,3,9811.67,180,0.018345500816884384,11,16.36,48
5136,1973,Graduation,Single,65333.0,0,1,2014-01-17,58,654,7,92,0,15,30,7,9,4,8,6,0,1,1,0,0,0,0,2,32666.5,798,0.02442869606477584,28,28.5,41
9790,1957,Graduation,Single,78499.0,0,0,2013-11-23,12,912,72,170,47,36,97,1,11,3,4,4,0,0,1,0,0,0,1,1,78499.0,1334,0.0169938470553765,19,70.21,57
7233,1972,Graduation,Married,69209.0,0,0,2012-09-17,4,496,32,849,229,48,128,2,5,3,6,4,0,0,0,1,0,0,0,2,34604.5,1782,0.05149619269170195,16,111.38,42
7699,1969,Graduation,Widow,40590.0,1,1,2013-10-02,30,154,0,50,6,11,37,5,3,4,3,6,1,0,0,0,0,0,0,3,13530.0,258,0.019068736141906874,15,17.2,45
5186,1955,PhD,Married,58482.0,0,1,2014-03-12,59,576,7,115,19,7,7,2,7,4,9,6,0,1,0,0,0,0,0,3,19494.0,731,0.03749871755411922,22,33.23,59
5667,1964,PhD,Married,60896.0,0,1,2012-10-11,90,1013,30,399,60,46,153,3,9,10,4,6,0,0,0,0,0,0,1,3,20298.67,1701,0.08379859370096662,26,65.42,50
7313,1949,2n Cycle,Widow,74859.0,0,0,2013-06-03,63,570,73,614,133,102,73,1,6,5,11,3,0,0,0,1,0,0,0,1,74859.0,1565,0.02090596989005998,23,68.04,65
3520,1990,Master,Single,91172.0,0,0,2013-03-27,94,162,28,818,0,28,56,0,4,3,7,3,1,0,1,1,1,0,1,1,91172.0,1092,0.011977361470626946,14,78.0,24
10394,1984,Graduation,Married,90000.0,0,0,2013-12-23,91,675,144,133,94,192,241,1,4,8,5,1,1,0,1,1,0,0,0,2,45000.0,1479,0.03286666666666667,18,82.17,30
9362,1965,Graduation,Single,69263.0,0,1,2014-03-05,14,492,5,32,13,5,21,1,9,1,7,6,0,1,0,0,0,0,0,2,34631.5,568,0.016401253194346186,18,31.56,49
3968,1970,2n Cycle,Divorced,65706.0,0,0,2013-06-28,77,918,10,129,13,0,129,1,11,3,12,7,0,1,1,0,1,0,1,1,65706.0,1199,0.018247953002769914,27,44.41,44
2829,1955,Graduation,Married,65210.0,0,1,2014-03-10,25,626,0,70,0,7,28,2,9,3,8,6,0,1,0,1,0,0,0,3,21736.67,731,0.03362980622146815,22,33.23,59
1772,1975,PhD,Married,79174.0,0,0,2013-01-11,2,1074,37,518,193,92,129,1,5,6,7,2,0,0,1,1,0,0,1,2,39587.0,2043,0.051607851062217394,19,107.53,39
4377,1971,Graduation,Married,52914.0,0,1,2013-01-07,32,254,10,44,30,10,227,2,7,3,3,7,1,0,0,0,0,0,0,3,17638.0,575,0.032600068034924594,15,38.33,43
8858,1972,PhD,Married,44325.0,0,1,2013-03-07,69,516,0,21,0,0,5,4,8,2,7,8,0,1,0,0,0,0,0,3,14775.0,542,0.036683587140439934,21,25.81,42
9723,1960,Graduation,Married,67716.0,0,1,2013-01-10,8,530,142,217,62,9,56,4,7,4,13,5,0,1,0,0,0,0,0,3,22572.0,1016,0.045011518695729225,28,36.29,54
2666,1972,Master,Married,76234.0,0,1,2014-02-06,21,519,50,167,130,0,41,1,8,3,11,3,0,1,0,0,0,0,0,3,25411.33,907,0.035692740206829,23,39.43,42
5721,1956,PhD,Married,84117.0,0,0,2014-05-11,60,611,76,749,59,45,26,1,7,10,6,2,0,0,1,0,0,0,0,2,42058.5,1566,0.03723385284781911,24,65.25,58
4418,1983,Master,Single,89616.0,0,0,2013-02-25,36,671,47,655,145,111,15,1,7,5,12,2,0,0,0,0,0,0,1,1,89616.0,1644,0.018344938403856453,25,65.76,31
8722,1957,2n Cycle,Married,82347.0,0,0,2012-11-06,38,556,54,845,202,133,63,1,7,7,10,3,1,0,0,1,0,0,1,2,41173.5,1853,0.04500467533729219,25,74.12,57
7118,1957,Graduation,Married,73803.0,0,1,2012-08-01,61,833,80,363,52,26,174,2,9,5,6,6,1,0,0,0,0,0,1,3,24601.0,1528,0.06211129628876875,22,69.45,57
10722,1973,Graduation,Together,55593.0,0,1,2013-08-21,63,293,8,124,11,4,106,2,6,6,3,6,1,0,0,0,0,0,0,3,18531.0,546,0.029464141168852192,17,32.12,41
2632,1954,Graduation,Married,50501.0,1,1,2013-06-18,10,297,0,38,13,0,152,7,5,4,4,6,1,0,0,0,0,0,1,4,12625.25,500,0.039603176174729214,20,25.0,60
4333,1954,Graduation,Together,32144.0,1,1,2014-03-23,76,41,0,10,0,0,3,4,2,1,3,7,0,1,0,0,0,0,0,4,8036.0,54,0.006719761075161772,10,5.4,60
7366,1982,Master,Single,75777.0,0,0,2013-07-04,12,712,26,538,69,13,80,1,3,6,11,1,0,1,1,0,0,0,1,1,75777.0,1438,0.018976734365308733,21,68.48,32
4286,1970,PhD,Single,57642.0,0,1,2014-01-09,24,580,6,58,8,0,27,3,7,6,6,4,1,0,0,0,0,0,0,2,28821.0,679,0.023559210298046564,22,30.86,44
8720,1978,2n Cycle,Together,77423.0,0,0,2012-08-12,53,32,2,1607,12,4,22,0,0,0,1,0,0,1,0,0,0,0,0,2,38711.5,1679,0.043372124562468514,1,1679.0,36
7004,1984,Graduation,Single,11012.0,1,0,2013-03-16,82,24,3,26,7,1,23,3,3,1,2,9,1,0,0,0,0,0,0,2,5506.0,84,0.015256084271703597,9,9.33,30
4001,1946,PhD,Together,64014.0,2,1,2014-06-10,56,406,0,30,0,0,8,7,8,2,5,7,0,0,0,1,0,0,0,5,12802.8,444,0.03467991376886306,22,20.18,68
7270,1981,Graduation,Divorced,56981.0,0,0,2014-01-25,91,908,48,217,32,12,24,1,2,3,13,6,0,1,0,0,0,0,0,1,56981.0,1241,0.021779189554412874,19,65.32,33
9405,1954,PhD,Married,52869.0,1,1,2012-10-15,40,84,3,61,2,1,21,3,3,1,4,7,0,0,0,0,0,0,1,4,13217.25,172,0.01301329701715561,11,15.64,60
