Year_Birth,Income,Kidhome,Teenhome,Recency,MntWines,MntFruits,MntMeatProducts,MntFishProducts,MntSweetProducts,MntGoldProds,NumDealsPurchases,NumWebPurchases,NumCatalogPurchases,NumStorePurchases,NumWebVisitsMonth,AcceptedCmp3,AcceptedCmp4,AcceptedCmp5,AcceptedCmp1,AcceptedCmp2,Complain,Response,Family_Size,Income_PerCap,Total_Spent,Prop_Spending_Income_pc,Total_Puchases,Avg_Ticket,Age,Dt_Customer_InDays,Education_2n Cycle,Education_Basic,Education_Graduation,Education_Master,Education_PhD,Marital_Status_Divorced,Marital_Status_Married,Marital_Status_Single,Marital_Status_Together,Marital_Status_Widow
1957,58138.0,0,0,58,635,88,546,172,88,88,3,8,10,4,7,0,0,0,0,0,0,1,1,58138.0,1617,0.0278131342667446,25,64.68,57,37,0,0,1,0,0,0,0,1,0,0
1974,30351.0,1,0,19,14,0,24,3,3,2,1,3,0,2,9,0,0,0,0,0,0,1,3,10117.0,46,0.0045468024117821,6,7.67,40,312,0,0,0,0,1,0,0,0,1,0
1950,5648.0,1,1,68,28,0,6,1,1,13,1,1,0,0,20,1,0,0,0,0,0,0,4,1412.0,49,0.0347025495750708,2,24.5,64,592,0,0,0,0,1,0,0,0,1,0
1946,82800.0,0,0,23,1006,22,115,59,68,45,1,7,6,12,3,0,0,1,1,0,0,1,1,82800.0,1315,0.0158816425120772,26,50.58,68,118,0,0,0,0,1,0,0,1,0,0
1949,76995.0,0,1,91,1012,80,498,0,16,176,2,11,4,9,5,0,0,0,1,0,0,0,3,25665.0,1782,0.0694330800701344,26,68.54,65,242,0,0,0,1,0,0,1,0,0,0
1949,58607.0,0,1,63,867,0,86,0,0,19,3,2,3,9,8,0,1,0,0,0,0,0,3,19535.67,972,0.0497551402127493,17,57.18,65,147,0,0,0,0,1,0,1,0,0,0
1965,84618.0,0,0,96,684,100,801,21,66,0,1,6,9,10,2,0,0,1,0,0,0,0,2,42309.0,1672,0.0395187785104824,26,64.31,49,481,0,0,0,0,1,0,1,0,0,0
1970,40548.0,0,1,31,110,0,5,2,0,3,2,2,1,4,5,0,1,0,0,0,0,0,3,13516.0,120,0.0088783663805859,9,13.33,44,73,0,0,1,0,0,0,0,0,1,0
1952,46610.0,0,2,8,96,12,96,33,22,43,6,4,1,6,6,0,0,0,0,0,0,1,3,15536.67,302,0.0194378846947254,17,17.76,62,92,0,0,0,0,1,1,0,0,0,0
1943,48948.0,0,0,53,437,8,206,160,49,42,2,7,10,5,6,1,0,0,0,0,0,1,1,48948.0,902,0.0184277192122252,24,37.58,71,187,0,0,0,0,1,1,0,0,0,0
1996,7500.0,0,0,24,3,18,14,15,22,50,3,3,1,3,9,0,0,0,0,0,0,1,2,3750.0,122,0.0325333333333333,10,12.2,18,103,1,0,0,0,0,0,1,0,0,0
1977,82582.0,0,0,54,510,120,550,156,40,241,1,4,9,7,1,1,0,0,1,0,0,1,1,82582.0,1617,0.0195805381317962,21,77.0,37,678,0,0,1,0,0,1,0,0,0,0
1955,82384.0,0,0,55,984,51,432,180,120,190,1,3,10,13,1,0,0,1,0,0,0,1,2,41192.0,1957,0.0475092250922509,27,72.48,59,113,0,0,0,1,0,0,0,0,1,0
1966,70287.0,0,0,30,295,35,482,121,120,40,1,5,5,10,3,0,0,0,0,0,0,1,1,70287.0,1093,0.015550528547242,21,52.05,48,247,0,0,1,0,0,1,0,0,0,0
1982,75777.0,0,0,12,712,26,538,69,13,80,1,3,6,11,1,0,1,1,0,0,0,1,1,75777.0,1438,0.0189767343653087,21,68.48,32,340,0,0,0,1,0,0,0,1,0,0
1971,25721.0,1,0,75,1,3,6,3,6,15,1,1,1,2,7,0,0,0,0,0,0,1,3,8573.67,34,0.003965629654512,5,6.8,43,296,0,0,1,0,0,0,1,0,0,0
1979,88194.0,0,1,19,688,14,309,201,24,38,1,11,10,10,5,1,0,0,1,0,0,1,2,44097.0,1274,0.0288908542531237,32,39.81,35,598,1,0,0,0,0,0,0,1,0,0
1975,60631.0,1,1,88,565,6,65,0,6,19,5,9,2,8,7,0,1,0,0,0,0,0,4,15157.75,661,0.0436080552852501,24,27.54,39,250,0,0,0,0,1,0,1,0,0,0
1972,75251.0,0,0,34,721,111,925,97,18,18,1,7,6,5,5,0,0,0,0,0,0,1,2,37625.5,1890,0.0502318906061049,19,99.47,42,29,0,0,0,1,0,0,1,0,0,0
1976,75825.0,0,0,40,1032,105,779,137,105,51,0,5,8,9,4,1,0,0,0,0,0,1,1,75825.0,2209,0.0291328717441477,22,100.41,38,75,0,0,1,0,0,0,0,1,0,0
1965,56046.0,0,0,9,577,0,64,0,0,51,2,10,1,8,8,1,0,0,0,0,0,1,2,28023.0,692,0.0246940013560289,21,32.95,49,157,0,0,1,0,0,0,0,0,1,0
1970,36138.0,1,1,48,130,0,16,0,0,5,5,3,1,4,7,0,1,0,0,0,0,0,4,9034.5,151,0.0167137085616248,13,11.62,44,352,0,0,0,1,0,0,1,0,0,0
1957,50388.0,0,1,3,292,6,37,0,3,34,4,6,1,6,7,0,1,0,1,0,0,1,2,25194.0,372,0.0147654203381757,17,21.88,57,668,0,0,1,0,0,0,0,1,0,0
1973,79593.0,0,0,70,350,60,568,110,133,145,1,5,6,7,2,0,0,1,0,0,0,0,2,39796.5,1366,0.0343246265375095,19,71.89,41,652,0,0,1,0,0,0,1,0,0,0
1960,47916.0,0,1,72,505,0,26,0,0,75,5,7,4,6,6,0,1,0,0,0,0,0,2,23958.0,606,0.0252942649636864,22,27.55,54,116,0,0,1,0,0,0,0,0,0,1
1951,78497.0,0,0,44,207,26,447,75,0,223,1,5,7,12,2,0,0,0,1,0,0,0,2,39248.5,978,0.0249181497382065,25,39.12,63,490,1,0,0,0,0,0,1,0,0,0
1959,87195.0,0,0,35,217,76,690,50,26,38,1,3,11,5,1,0,0,0,0,0,0,1,2,43597.5,1097,0.0251619932335569,20,54.85,55,648,0,0,1,0,0,0,1,0,0,0
1991,68126.0,0,0,40,1332,17,311,23,51,86,1,7,4,5,9,0,1,0,0,0,0,1,1,68126.0,1820,0.026715204180489,17,107.06,23,104,0,0,0,0,1,0,0,1,0,0
1963,57288.0,0,1,27,527,0,21,0,0,60,3,8,1,8,6,0,1,0,0,0,0,0,3,19096.0,608,0.0318391286133221,20,30.4,51,696,0,0,0,1,0,0,0,0,1,0
1991,86037.0,0,0,95,490,44,125,29,20,22,1,6,7,11,3,0,1,1,0,0,0,1,1,86037.0,730,0.0084847216895056,25,29.2,23,157,0,0,1,0,0,0,0,1,0,0
1970,90765.0,0,0,25,547,99,812,151,82,33,0,4,6,5,1,0,0,1,1,0,0,0,2,45382.5,1724,0.0379882113149341,15,114.93,44,544,0,0,1,0,0,0,1,0,0,0
1967,32557.0,1,0,13,34,3,29,0,4,10,3,2,1,3,5,0,0,0,0,0,0,1,2,16278.5,80,0.0049144577203059,9,8.89,47,575,0,0,0,1,0,0,0,1,0,0
1983,101970.0,0,0,69,722,27,102,44,72,168,0,6,8,13,2,0,1,1,1,0,0,1,1,101970.0,1135,0.0111307247229577,27,42.04,31,226,0,0,1,0,0,0,0,1,0,0
1984,79607.0,0,0,37,450,133,951,173,0,216,1,3,6,6,1,0,0,0,0,0,0,1,1,79607.0,1923,0.0241561671712286,16,120.19,30,266,0,0,1,0,0,0,0,1,0,0
1967,62981.0,0,0,21,796,14,590,38,44,0,1,4,5,13,3,0,1,0,0,0,0,0,2,31490.5,1482,0.0470618122925961,23,64.43,47,231,0,0,0,0,1,0,0,0,1,0
1973,35860.0,1,1,37,15,0,8,4,2,20,2,1,1,2,5,1,0,0,0,0,0,1,3,11953.33,49,0.0040992761013039,6,8.17,41,659,0,0,0,0,1,0,0,1,0,0
1976,65104.0,0,1,4,738,0,232,13,20,50,2,3,5,7,7,0,0,0,0,0,0,1,3,21701.33,1053,0.0485223716703077,17,61.94,38,473,0,0,0,1,0,0,0,0,1,0
1975,23957.0,1,0,47,2,1,18,20,11,16,1,2,0,3,6,0,0,0,0,0,0,1,3,7985.67,68,0.008515252946841,6,11.33,39,91,0,0,1,0,0,0,1,0,0,0
1969,65747.0,0,1,96,346,17,48,23,13,13,4,8,1,6,6,0,1,0,0,0,0,0,3,21915.67,460,0.020989547661559,19,24.21,45,586,0,0,1,0,0,0,1,0,0,0
1949,69372.0,0,0,10,997,26,269,34,13,42,1,10,4,6,4,0,1,1,0,0,0,1,2,34686.0,1381,0.0398143343135559,21,65.76,65,205,0,0,1,0,0,0,0,0,1,0
1953,62551.0,0,0,27,125,16,98,134,21,27,1,6,7,4,3,1,0,0,0,0,0,0,1,62551.0,421,0.006730507905549,18,23.39,61,477,0,0,1,0,0,1,0,0,0,0
1959,52332.0,0,0,63,212,5,33,7,0,2,1,3,2,6,4,0,1,0,0,0,0,0,1,52332.0,259,0.0049491706795077,12,21.58,55,395,0,0,1,0,0,1,0,0,0,0
1967,52074.0,0,1,77,59,0,12,0,0,48,1,2,2,2,4,1,0,0,0,0,0,0,2,26037.0,119,0.0045704190190882,7,17.0,47,614,0,0,1,0,0,0,0,1,0,0
1948,83837.0,0,0,79,847,66,119,86,89,111,1,9,10,5,4,0,1,0,1,0,0,1,2,41918.5,1318,0.0314419647649605,25,52.72,66,140,0,0,0,0,1,0,1,0,0,0
1951,78497.0,0,0,44,207,26,447,75,0,223,1,5,7,12,2,0,0,0,1,0,0,0,2,39248.5,978,0.0249181497382065,25,39.12,63,490,1,0,0,0,0,0,1,0,0,0
1978,24882.0,1,0,52,1,4,10,29,0,36,1,1,1,2,6,1,0,0,0,0,0,0,3,8294.0,80,0.0096455268869061,5,16.0,36,42,0,1,0,0,0,0,0,0,1,0
1954,80067.0,0,0,82,519,17,813,27,173,51,1,4,6,6,2,0,0,1,0,0,0,0,2,40033.5,1600,0.0399665280327725,17,94.12,60,417,0,0,1,0,0,0,1,0,0,0
1973,46854.0,1,1,81,96,1,79,7,1,79,6,5,1,3,8,1,0,0,0,0,0,1,3,15618.0,263,0.0168395441157638,15,17.53,41,610,0,0,0,0,1,0,0,1,0,0
1952,69142.0,0,1,50,448,4,34,6,4,39,3,8,1,7,5,0,1,0,0,0,0,0,2,34571.0,535,0.0154753984553527,19,28.16,62,700,0,0,1,0,0,1,0,0,0,0
1977,102160.0,0,0,54,763,29,138,76,176,58,0,7,9,10,4,0,1,1,1,0,0,1,2,51080.0,1240,0.0242756460454189,26,47.69,37,96,0,0,0,0,1,0,0,0,1,0
1984,18890.0,0,0,5,6,4,1,7,2,15,1,0,1,2,6,1,0,0,0,0,0,1,1,18890.0,35,0.0018528321863419,4,8.75,30,104,0,0,0,1,0,0,0,1,0,0
1988,29604.0,1,0,88,7,6,13,7,6,14,1,1,0,3,9,1,0,0,0,0,0,0,3,9868.0,53,0.0053708958248885,5,10.6,26,497,0,0,1,0,0,0,0,0,1,0
1954,64497.0,0,1,17,1170,48,320,42,32,192,5,11,4,9,8,1,0,0,0,0,0,1,2,32248.5,1804,0.0559405863838628,29,62.21,60,43,0,0,1,0,0,1,0,0,0,0
1948,83790.0,0,0,81,1076,16,417,42,48,16,1,8,10,6,3,0,1,1,0,0,0,0,2,41895.0,1615,0.0385487528344671,25,64.6,66,474,0,0,0,1,0,0,1,0,0,0
1966,37070.0,1,1,30,231,7,137,4,15,39,9,5,1,8,7,0,0,0,0,0,0,1,3,12356.67,433,0.035041803333746,23,18.83,48,234,0,0,1,0,0,0,0,1,0,0
1962,81975.0,0,1,2,983,76,184,180,138,27,1,6,3,4,7,0,0,1,0,0,0,0,2,40987.5,1588,0.0387435193656602,14,113.43,52,160,1,0,0,0,0,1,0,0,0,0
1968,73455.0,0,0,98,901,61,757,186,163,20,1,6,5,10,3,0,1,0,0,0,0,0,1,73455.0,2088,0.0284255666734735,22,94.91,46,456,0,0,1,0,0,0,0,0,0,1
1990,73687.0,0,0,8,559,153,503,218,13,181,1,3,9,9,2,0,0,0,1,0,0,1,2,36843.5,1627,0.0441597568092065,22,73.95,24,487,0,0,1,0,0,0,1,0,0,0
1972,80134.0,1,0,40,1218,16,272,104,0,80,2,5,3,6,6,0,1,1,1,0,0,1,3,26711.33,1690,0.0632690322795607,16,105.62,42,295,0,0,1,0,0,0,1,0,0,0
1974,102692.0,0,0,5,168,148,444,32,172,148,1,6,9,13,2,0,1,1,1,1,0,1,1,102692.0,1112,0.01082849686441,29,38.34,40,250,0,0,1,0,0,1,0,0,0,0
1961,63342.0,0,1,48,918,21,118,13,10,21,3,8,3,5,6,0,1,0,0,0,0,0,3,21114.0,1101,0.0521454958795112,19,57.95,53,79,0,0,0,0,1,0,0,0,1,0
1979,15287.0,1,0,60,1,2,8,4,3,13,2,1,1,2,7,1,0,0,0,0,0,1,2,7643.5,31,0.0040557336298815,6,5.17,35,73,0,0,1,0,0,1,0,0,0,0
1952,43776.0,1,1,9,177,2,71,3,2,20,6,5,2,4,8,0,0,0,0,0,0,1,4,10944.0,275,0.0251279239766081,17,16.18,62,189,0,0,0,1,0,0,0,0,1,0
1963,80124.0,0,0,47,483,84,398,205,84,241,1,3,7,8,1,1,0,0,0,0,0,0,2,40062.0,1495,0.037317158404473,19,78.68,51,697,0,0,1,0,0,0,1,0,0,0
1970,38097.0,1,1,70,77,2,35,0,1,69,4,3,2,2,7,1,0,0,0,0,0,1,4,9524.25,184,0.0193191064913247,11,16.73,44,78,0,0,0,0,1,0,1,0,0,0
1953,69267.0,0,0,31,778,44,499,95,73,146,2,3,4,5,7,0,0,0,0,0,0,1,1,69267.0,1635,0.0236043137424747,14,116.79,61,55,0,0,1,0,0,0,0,1,0,0
1956,60714.0,0,0,56,216,162,224,101,92,162,2,7,4,10,5,0,0,0,0,0,0,1,1,60714.0,957,0.015762427117304,23,41.61,58,172,0,0,1,0,0,0,0,1,0,0
1986,69867.0,0,0,30,196,0,512,33,130,54,1,3,5,8,1,0,0,0,1,0,0,1,1,69867.0,925,0.0132394406515236,17,54.41,28,247,0,0,0,0,1,0,0,1,0,0
1984,32414.0,0,0,11,20,6,5,0,9,12,1,1,0,3,7,1,0,0,0,0,0,0,2,16207.0,52,0.0032084901585734,5,10.4,30,340,1,0,0,0,0,0,0,0,1,0
1980,82497.0,0,0,32,777,129,573,216,21,203,1,2,7,9,4,0,0,1,0,0,0,0,2,41248.5,1919,0.0465229038631707,19,101.0,34,94,0,0,1,0,0,0,1,0,0,0
1952,55951.0,0,1,62,1241,0,80,0,13,40,3,3,6,11,8,0,1,0,0,1,0,0,3,18650.33,1374,0.0736716186791332,23,59.74,62,25,0,0,0,1,0,0,0,0,1,0
1965,57912.0,0,1,34,801,0,80,0,0,35,5,8,3,12,5,0,1,0,0,0,0,0,2,28956.0,916,0.0316342036192844,28,32.71,49,596,0,0,0,0,1,1,0,0,0,0
1961,80950.0,0,0,44,525,147,112,219,147,63,1,6,7,9,2,0,0,0,1,0,0,0,2,40475.0,1213,0.0299691167387276,23,52.74,53,242,0,0,0,1,0,0,1,0,0,0
1966,27038.0,0,0,64,1,26,25,17,23,15,1,3,0,3,9,0,0,0,0,0,0,1,1,27038.0,107,0.0039573932983208,7,15.29,48,51,0,0,1,0,0,0,0,0,0,1
1947,77457.0,0,0,85,675,11,400,15,45,11,1,2,5,10,1,0,0,1,0,0,0,0,1,77457.0,1157,0.0149373200614534,18,64.28,67,584,0,0,1,0,0,0,0,1,0,0
1964,64100.0,0,1,93,509,0,27,0,0,10,1,8,3,6,7,0,1,0,0,0,0,0,3,21366.67,546,0.025553818166331,18,30.33,50,408,0,0,0,1,0,0,1,0,0,0
1989,73812.0,0,0,69,861,138,461,60,30,61,1,6,5,12,3,0,1,0,1,0,0,0,2,36906.0,1611,0.0436514387904405,24,67.12,25,309,0,0,1,0,0,0,1,0,0,0
1970,63608.0,1,2,67,738,20,172,52,50,20,6,2,3,10,7,0,1,0,1,0,0,0,4,15902.0,1052,0.0661552006036976,21,50.1,44,390,0,0,1,0,0,0,0,1,0,0
1956,66334.0,0,1,82,909,11,218,0,0,23,2,9,3,5,5,0,0,0,0,0,0,1,3,22111.33,1161,0.0525070178953504,19,61.11,58,248,0,0,0,0,1,0,1,0,0,0
1971,35178.0,1,0,10,23,1,13,2,2,18,1,1,1,2,7,1,0,0,0,0,0,1,3,11726.0,59,0.0050315538120416,5,11.8,43,165,0,0,0,1,0,0,1,0,0,0
1968,75693.0,0,0,10,797,153,293,72,97,30,1,11,4,6,4,0,1,1,1,0,0,1,1,75693.0,1442,0.0190506387644828,22,65.55,46,130,0,0,1,0,0,1,0,0,0,0
1965,83003.0,0,0,18,856,61,570,40,25,122,1,7,6,8,3,0,0,1,0,0,0,1,2,41501.5,1674,0.0403358914738021,22,76.09,49,217,0,0,1,0,0,0,0,0,1,0
1969,55212.0,0,1,65,1103,0,45,0,0,34,3,4,2,11,8,0,1,0,0,1,0,0,3,18404.0,1182,0.0642251684416431,20,59.1,45,117,0,0,0,0,1,0,1,0,0,0
1973,27190.0,1,0,13,1,6,7,0,1,3,1,1,0,2,8,1,0,0,0,0,0,1,3,9063.33,18,0.0019860250040548,4,4.5,41,382,0,1,0,0,0,0,0,0,1,0
1970,84835.0,0,0,0,189,104,379,111,189,218,1,4,4,6,1,0,0,0,0,0,0,1,1,84835.0,1190,0.0140272293275181,15,79.33,44,687,0,0,1,0,0,1,0,0,0,0
1976,33181.0,1,0,90,9,0,3,0,0,4,1,1,0,2,6,1,0,0,0,0,0,0,3,11060.33,16,0.0014466114483021,4,4.0,38,523,0,0,0,1,0,0,1,0,0,0
1986,71952.0,1,0,93,656,80,455,52,107,93,2,8,4,8,4,1,0,1,0,0,0,0,3,23984.0,1443,0.0601651100733822,22,65.59,28,165,0,0,1,0,0,0,1,0,0,0
1966,69759.0,0,0,38,452,20,514,13,30,0,3,4,6,5,3,0,0,0,0,0,0,1,1,69759.0,1029,0.0147507848449662,18,57.17,48,456,0,0,0,0,1,0,0,1,0,0
1955,50737.0,0,1,61,78,0,11,0,0,10,1,2,0,4,6,0,1,0,0,0,0,0,3,16912.33,99,0.0058537173766122,7,14.14,59,286,0,0,1,0,0,0,1,0,0,0
1957,78618.0,0,0,87,736,163,818,212,163,61,1,4,7,10,2,0,1,0,0,0,0,0,2,39309.0,2153,0.0547711719962349,22,97.86,57,61,0,0,1,0,0,0,1,0,0,0
1970,29548.0,1,0,52,7,1,6,3,1,11,1,1,1,2,4,1,0,0,0,0,0,0,2,14774.0,29,0.0019629078110193,5,5.8,44,396,0,0,0,1,0,0,0,1,0,0
1966,63810.0,0,1,45,977,12,253,16,12,101,4,4,3,12,8,0,1,0,0,0,0,0,2,31905.0,1371,0.0429713211095439,23,59.61,48,105,0,0,1,0,0,0,0,1,0,0
1972,38578.0,1,1,2,38,4,22,3,3,3,3,3,0,3,8,0,0,0,0,0,0,1,3,12859.33,73,0.0056768120889657,9,8.11,42,328,0,0,0,0,1,0,0,1,0,0
1970,22585.0,0,0,23,3,9,15,13,2,39,1,1,1,2,9,1,0,0,0,0,0,1,1,22585.0,81,0.0035864511844144,5,16.2,44,232,0,0,1,0,0,0,0,1,0,0
1968,43795.0,0,1,11,314,11,53,4,3,107,3,7,3,4,7,0,1,0,0,0,0,1,3,14598.33,492,0.0337024851472737,17,28.94,46,444,0,0,0,1,0,0,0,0,1,0
1979,90300.0,0,0,7,594,134,786,33,134,57,0,5,6,8,1,0,0,1,0,0,0,0,2,45150.0,1738,0.0384939091915836,19,91.47,35,523,0,0,1,0,0,0,0,0,1,0
1984,15345.0,1,0,51,5,2,16,3,2,19,2,1,1,2,8,0,0,0,0,0,0,1,3,5115.0,47,0.009188660801564,6,7.83,30,33,0,0,1,0,0,0,0,0,1,0
1980,14515.0,1,0,71,6,4,9,6,36,35,4,2,2,3,7,0,0,0,0,0,0,1,3,4838.33,96,0.0198415569008314,11,8.73,34,103,1,0,0,0,0,0,0,0,1,0
1955,55521.0,1,2,11,416,0,26,0,0,4,9,6,3,6,7,0,1,0,0,0,0,1,4,13880.25,446,0.0321319860953513,24,18.58,59,450,0,0,0,0,1,0,0,1,0,0
1972,27213.0,1,0,19,19,3,26,10,9,3,3,2,0,4,8,0,0,0,0,0,0,1,2,13606.5,70,0.0051446000073494,9,7.78,42,32,0,0,0,0,1,0,0,1,0,0
1982,23616.0,1,0,76,4,22,11,3,7,32,2,3,0,3,8,0,0,0,0,0,0,1,2,11808.0,79,0.006690379403794,8,9.88,32,111,1,0,0,0,0,0,0,1,0,0
1955,66465.0,0,1,1,1200,0,204,38,29,14,3,11,9,12,6,0,0,0,1,0,0,0,3,22155.0,1485,0.0670277589708869,35,42.43,59,244,0,0,0,0,1,0,1,0,0,0
1975,19789.0,1,0,24,2,5,9,28,6,28,3,2,1,3,5,1,0,0,0,0,0,0,3,6596.33,78,0.0118247570997812,9,8.67,39,479,1,0,0,0,0,0,0,0,1,0
1994,80134.0,0,0,11,966,26,282,52,26,26,1,2,7,11,5,0,1,1,1,1,0,0,2,40067.0,1378,0.0343923927421568,21,65.62,20,565,0,0,1,0,0,0,0,0,1,0
1981,91065.0,0,0,33,822,114,108,179,137,114,1,7,9,9,3,0,0,1,1,0,0,1,1,91065.0,1474,0.0161862405973755,26,56.69,33,208,0,0,1,0,0,0,0,1,0,0
1974,82584.0,0,0,26,1076,68,103,29,91,68,1,3,4,8,1,0,1,1,0,0,0,1,2,41292.0,1435,0.0347524944299137,16,89.69,40,310,0,0,0,1,0,0,1,0,0,0
1941,93027.0,0,0,77,1285,42,716,55,0,21,0,7,10,5,2,0,0,1,0,0,0,0,2,46513.5,2119,0.0455566663441796,22,96.32,73,258,0,0,0,0,1,0,1,0,0,0
1986,92910.0,0,0,42,551,137,792,179,103,33,1,6,7,13,1,0,1,1,1,0,0,0,2,46455.0,1795,0.038639543644387,27,66.48,28,634,0,0,1,0,0,0,1,0,0,0
1989,75433.0,1,0,28,800,0,297,0,34,57,2,2,5,10,6,0,1,0,1,0,0,0,3,25144.33,1188,0.0472472322786091,19,62.53,25,615,0,0,1,0,0,0,1,0,0,0
1961,84865.0,0,0,1,1248,16,349,43,16,16,1,2,4,9,4,0,1,1,1,1,0,1,1,84865.0,1688,0.0198904141872385,16,105.5,53,284,0,0,0,0,1,0,0,1,0,0
1964,81246.0,0,0,87,398,190,537,61,156,37,1,4,5,7,1,1,0,0,1,0,0,0,1,81246.0,1379,0.0169731432932082,17,81.12,50,518,0,0,1,0,0,0,0,1,0,0
1966,89572.0,0,0,44,606,24,974,197,194,64,1,7,7,9,4,0,1,0,1,0,0,1,1,89572.0,2059,0.0229870941812173,24,85.79,48,48,1,0,0,0,0,0,0,1,0,0
1984,42207.0,1,0,71,116,11,72,3,17,46,4,4,1,5,6,1,0,0,0,0,0,1,3,14069.0,265,0.0188357381477006,14,18.93,30,246,0,0,0,1,0,0,1,0,0,0
1964,60597.0,0,1,2,522,0,257,32,16,66,4,2,2,8,7,0,0,0,1,0,0,1,3,20199.0,893,0.0442101094113569,16,55.81,50,521,0,0,1,0,0,0,1,0,0,0
1963,80124.0,0,0,47,483,84,398,205,84,241,1,3,7,8,1,1,0,0,0,0,0,0,2,40062.0,1495,0.037317158404473,19,78.68,51,697,0,0,1,0,0,0,1,0,0,0
1955,75261.0,0,0,17,1239,17,413,23,34,17,1,5,6,5,2,0,1,1,0,0,0,1,2,37630.5,1743,0.0463188105393231,17,102.53,59,268,0,0,0,0,1,0,0,0,1,0
1980,37406.0,1,0,18,2,0,8,2,2,3,1,1,0,2,8,0,0,0,0,0,0,1,3,12468.67,17,0.0013634172690431,4,4.25,34,438,0,0,1,0,0,0,1,0,0,0
1981,56937.0,1,0,81,746,8,125,11,8,8,7,8,6,9,6,0,1,0,0,0,0,1,3,18979.0,906,0.0477369724432267,30,30.2,33,6,0,0,0,0,1,0,0,0,1,0
1974,32233.0,1,0,26,138,15,35,25,11,72,2,6,2,2,9,1,0,0,0,0,0,1,2,16116.5,296,0.0183662705922501,12,24.67,40,21,0,0,1,0,0,0,0,1,0,0
1964,78825.0,0,0,35,483,74,114,169,37,18,1,5,10,13,3,0,0,0,0,0,0,1,1,78825.0,895,0.0113542657786235,29,30.86,50,47,0,0,0,0,1,1,0,0,0,0
1955,76005.0,0,0,72,983,20,389,240,50,40,1,3,5,13,6,0,0,0,1,0,0,0,2,38002.5,1722,0.0453128083678705,22,78.27,59,208,0,0,1,0,0,0,0,0,1,0
1944,55614.0,0,0,85,504,13,131,8,0,26,1,9,4,6,7,0,1,0,0,0,0,0,1,55614.0,682,0.0122630992196209,20,34.1,70,486,0,0,0,0,1,1,0,0,0,0
1981,39665.0,1,0,97,127,1,56,0,1,31,3,4,2,3,7,1,0,0,0,0,0,0,3,13221.67,216,0.0163368167561283,12,18.0,33,300,0,0,0,0,1,0,0,0,1,0
1964,48920.0,0,2,93,238,17,68,8,10,6,3,6,2,5,7,0,1,0,0,0,0,0,4,12230.0,347,0.0283728536385936,16,21.69,50,448,0,0,1,0,0,0,1,0,0,0
1959,89120.0,0,0,78,1168,92,408,72,129,55,1,5,6,7,1,0,0,1,0,0,0,0,2,44560.0,1924,0.043177737881508,19,101.26,55,596,0,0,0,1,0,0,0,0,1,0
1944,80184.0,0,0,19,1035,134,670,25,38,0,1,6,3,10,3,0,0,1,1,0,0,0,2,40092.0,1902,0.0474408859622867,20,95.1,70,580,0,0,0,1,0,0,1,0,0,0
1987,73454.0,0,0,95,982,73,351,56,14,175,1,2,4,6,5,1,0,0,0,0,0,0,1,73454.0,1651,0.0224766520543469,13,127.0,27,580,0,0,0,1,0,0,0,1,0,0
1953,70503.0,0,0,73,1379,33,216,0,33,66,1,2,4,9,6,0,1,1,0,0,0,0,2,35251.5,1727,0.0489908230855424,16,107.94,61,63,0,0,1,0,0,0,1,0,0,0
1987,25545.0,1,0,35,32,1,64,16,12,85,3,2,2,3,6,0,0,0,0,0,0,1,3,8515.0,210,0.0246623605402231,10,21.0,27,41,0,0,1,0,0,0,1,0,0,0
1977,57954.0,1,1,52,456,4,24,0,0,9,7,8,2,6,7,0,1,0,0,0,0,0,4,14488.5,493,0.0340269869206612,23,21.43,37,689,0,0,0,1,0,0,0,0,1,0
1967,76982.0,0,0,19,464,151,292,65,60,30,1,8,3,4,4,0,0,1,0,0,0,1,1,76982.0,1062,0.0137954326985529,16,66.38,47,566,0,0,1,0,0,1,0,0,0,0
1982,84169.0,0,0,9,1478,19,403,0,19,0,1,7,6,6,3,0,1,1,0,0,0,1,2,42084.5,1919,0.0455987358766291,20,95.95,32,374,0,0,0,0,1,0,1,0,0,0
1964,85620.0,0,0,68,416,46,925,60,107,46,1,3,6,4,1,0,0,0,0,0,0,1,1,85620.0,1600,0.0186872226115393,14,114.29,50,527,0,0,1,0,0,0,0,0,0,1
1968,19514.0,1,1,47,14,3,21,2,1,28,4,3,1,2,8,1,0,0,0,0,0,1,4,4878.5,69,0.0141436917085169,10,6.9,46,546,0,0,1,0,0,0,1,0,0,0
1989,21474.0,1,0,0,6,16,24,11,0,34,2,3,1,2,7,1,0,0,0,0,0,1,2,10737.0,91,0.0084753655583496,8,11.38,25,618,0,0,1,0,0,0,0,1,0,0
1949,81698.0,0,0,4,179,28,520,111,123,47,1,3,8,13,1,0,0,0,0,0,0,1,2,40849.0,1008,0.024676246664545,25,40.32,65,465,0,0,0,1,0,0,1,0,0,0
1982,79908.0,0,0,30,557,129,761,29,185,111,1,5,6,7,2,0,0,1,0,0,0,0,2,39954.0,1772,0.0443510036542023,19,93.26,32,250,0,0,1,0,0,0,1,0,0,0
1959,87771.0,0,1,61,1492,38,287,50,57,33,1,5,10,4,6,0,1,1,1,1,0,1,3,29257.0,1957,0.0668899750487063,20,97.85,55,297,0,0,1,0,0,0,0,0,1,0
1977,61996.0,0,1,27,1050,12,144,0,0,24,3,6,4,8,5,0,1,0,1,1,0,1,3,20665.33,1230,0.0595199786308759,21,58.57,37,186,0,0,0,0,1,0,1,0,0,0
1974,45207.0,1,1,64,203,0,10,0,0,2,5,3,1,6,6,0,1,0,0,0,0,0,4,11301.75,215,0.0190236025394297,15,14.33,40,104,0,0,0,0,1,0,1,0,0,0
1955,79800.0,0,0,65,1060,21,530,32,0,224,1,5,11,5,3,1,0,1,1,0,0,1,1,79800.0,1867,0.0233959899749373,22,84.86,59,56,0,0,1,0,0,0,0,0,0,1
1955,53863.0,0,1,4,399,4,30,6,4,30,3,7,1,7,7,0,1,0,0,0,0,0,3,17954.33,473,0.0263446199329075,18,26.28,59,657,0,0,1,0,0,0,0,0,1,0
1984,39684.0,1,0,41,19,0,35,6,4,17,2,2,1,2,7,0,0,0,0,0,1,1,2,19842.0,81,0.0040822497732083,7,11.57,30,75,0,0,0,0,1,0,0,1,0,0
1975,92163.0,0,0,25,817,183,797,106,163,20,0,5,11,5,2,0,0,1,1,0,0,1,2,46081.5,2086,0.0452676236667643,21,99.33,39,136,0,0,0,1,0,0,1,0,0,0
1975,17459.0,1,0,12,6,4,16,3,10,30,3,3,1,2,7,0,0,0,0,0,0,1,3,5819.67,69,0.0118563423699281,9,7.67,39,417,0,0,0,1,0,0,0,0,1,0
1986,21888.0,1,0,15,88,10,46,2,3,64,4,5,1,2,10,0,0,0,0,0,0,1,2,10944.0,213,0.0194627192982456,12,17.75,28,153,0,0,0,1,0,0,0,1,0,0
1965,81168.0,0,0,84,410,0,592,147,22,22,1,6,4,7,3,0,0,0,1,0,0,0,2,40584.0,1193,0.0293958210132071,18,66.28,49,647,0,0,1,0,0,0,1,0,0,0
1969,48240.0,0,0,73,389,91,248,64,49,41,3,6,3,13,5,0,0,0,0,0,0,1,1,48240.0,882,0.0182835820895522,25,35.28,45,103,0,0,0,0,1,0,0,1,0,0
1949,72298.0,0,0,52,625,35,169,58,17,35,1,4,3,6,1,0,1,1,0,0,0,0,1,72298.0,939,0.0129879111455365,14,67.07,65,589,0,0,1,0,0,0,0,0,0,1
1955,72635.0,0,0,54,390,22,323,104,35,107,1,6,8,6,3,0,0,0,1,0,0,0,2,36317.5,981,0.0270117711846905,21,46.71,59,309,1,0,0,0,0,0,1,0,0,0
1960,70971.0,0,1,28,1001,17,572,93,125,17,7,11,11,5,7,0,0,0,0,0,0,1,3,23657.0,1825,0.077144185653295,34,53.68,54,54,0,0,1,0,0,0,0,0,1,0
1960,32218.0,0,0,27,10,24,15,13,1,30,1,2,1,3,7,1,0,0,0,0,0,1,1,32218.0,93,0.0028865851387423,7,13.29,54,566,1,0,0,0,0,0,0,1,0,0
1973,83917.0,0,0,12,514,22,732,42,198,79,1,6,7,7,3,0,0,0,0,0,0,1,1,83917.0,1587,0.0189115435489829,21,75.57,41,263,0,0,1,0,0,0,0,1,0,0
1950,63120.0,0,1,53,965,69,279,54,41,69,5,8,4,9,7,0,0,0,0,0,0,1,2,31560.0,1477,0.0467997465145754,26,56.81,64,61,0,0,0,1,0,1,0,0,0,0
1971,73691.0,0,1,58,707,21,250,85,43,73,2,6,2,8,2,1,0,0,0,0,0,0,3,24563.67,1179,0.047997713696691,18,65.5,43,465,0,0,1,0,0,0,1,0,0,0
1964,45906.0,0,1,20,305,3,27,4,3,144,2,5,4,4,5,1,0,0,0,0,0,0,2,22953.0,486,0.0211737027839498,15,32.4,50,282,0,0,1,0,0,0,0,1,0,0
1947,77632.0,0,0,73,1200,105,758,0,42,147,1,4,2,6,2,0,1,1,0,0,0,1,2,38816.0,2252,0.0580173124484748,13,173.23,67,224,0,0,0,1,0,0,0,0,1,0
1970,105471.0,0,0,36,1009,181,104,202,21,207,0,9,8,13,3,0,0,1,1,0,0,1,2,52735.5,1724,0.0326914507305325,30,57.47,44,176,0,0,1,0,0,0,0,0,1,0
1960,98777.0,0,0,23,1000,19,711,125,115,38,0,4,6,9,1,0,1,0,0,0,0,0,1,98777.0,2008,0.0203286190104983,19,105.68,54,568,0,0,0,1,0,0,0,1,0,0
1966,46734.0,1,2,86,100,1,39,6,1,76,4,3,2,3,6,1,0,0,0,0,0,0,4,11683.5,223,0.0190867462661017,12,18.58,48,449,0,0,0,0,1,0,0,1,0,0
1963,81300.0,0,1,17,1004,12,145,32,12,36,3,10,3,5,5,0,0,0,1,0,0,1,3,27100.0,1241,0.0457933579335793,21,59.1,51,93,0,0,0,0,1,0,1,0,0,0
1985,36145.0,1,0,13,56,4,76,17,1,18,4,4,1,3,9,1,0,0,0,0,0,1,3,12048.33,172,0.014275837398212,12,14.33,29,322,1,0,0,0,0,0,1,0,0,0
1972,86857.0,0,0,96,899,102,838,133,102,40,1,5,6,10,2,0,0,0,0,0,0,1,1,86857.0,2114,0.0243388558204865,22,96.09,42,45,0,0,0,0,1,0,0,1,0,0
1989,77845.0,0,0,40,760,40,480,0,40,26,1,3,5,12,1,0,0,1,1,0,0,0,2,38922.5,1346,0.0345815402402209,21,64.1,25,656,0,0,0,0,1,0,0,0,1,0
1960,50611.0,0,1,98,459,0,24,6,0,4,6,4,5,7,6,0,1,0,0,0,0,1,2,25305.5,493,0.0194819308055561,22,22.41,54,67,0,0,0,0,1,1,0,0,0,0
1949,47570.0,1,1,3,67,1,20,0,2,31,3,2,2,2,7,0,0,0,0,0,0,1,3,15856.67,121,0.0076308581814466,9,13.44,65,304,0,0,0,1,0,0,0,0,0,1
1949,26518.0,1,1,33,20,1,28,3,3,2,3,2,0,3,8,0,0,0,0,0,0,1,3,8839.33,57,0.0064484525410862,8,7.12,65,253,0,0,0,0,1,0,0,1,0,0
1960,78468.0,0,0,29,434,22,388,104,22,34,1,10,7,10,4,0,0,0,1,0,0,0,2,39234.0,1004,0.0255900494469082,28,35.86,54,619,0,0,1,0,0,0,0,0,1,0
1978,71022.0,0,1,30,909,12,278,0,12,242,3,5,2,11,8,1,0,0,0,0,0,0,2,35511.0,1453,0.0409168989890456,21,69.19,36,562,0,0,1,0,0,1,0,0,0,0
1988,90247.0,0,0,27,1184,32,352,21,16,16,1,3,4,7,1,0,1,1,1,0,0,1,1,90247.0,1621,0.0179618159052378,15,108.07,26,639,0,0,0,1,0,0,0,1,0,0
1986,71952.0,1,0,93,656,80,455,52,107,93,2,8,4,8,4,1,0,1,0,0,0,0,3,23984.0,1443,0.0601651100733822,22,65.59,28,165,0,0,1,0,0,0,1,0,0,0
1948,66375.0,0,1,96,712,0,45,0,0,191,3,2,4,5,7,1,0,0,0,0,0,0,3,22125.0,948,0.0428474576271186,14,67.71,66,480,0,0,0,0,1,0,0,0,1,0
1971,35178.0,1,0,10,23,1,13,2,2,18,1,1,1,2,7,1,0,0,0,0,0,1,3,11726.0,59,0.0050315538120416,5,11.8,43,165,0,0,0,1,0,0,1,0,0,0
1960,87305.0,0,0,19,345,25,501,63,138,80,1,5,3,8,2,0,0,1,0,0,0,1,1,87305.0,1152,0.0131951205543783,17,67.76,54,56,1,0,0,0,0,1,0,0,0,0
1976,7500.0,1,0,19,7,0,12,13,7,32,5,4,1,2,9,1,0,0,0,0,0,1,3,2500.0,71,0.0284,12,5.92,38,3,0,0,1,0,0,0,1,0,0,0
1955,80395.0,0,0,62,445,25,706,80,76,48,1,6,5,12,2,0,0,0,1,0,0,0,2,40197.5,1380,0.0343304931898749,24,57.5,59,482,0,0,1,0,0,0,1,0,0,0
1991,89891.0,0,0,17,412,22,132,59,28,183,1,11,6,8,4,0,0,1,0,0,0,0,2,44945.5,836,0.0186003048136075,26,32.15,23,260,0,0,1,0,0,0,0,0,1,0
1973,89694.0,1,1,22,1126,28,211,37,28,42,3,4,3,4,5,0,1,1,1,0,0,0,3,29898.0,1472,0.0492340624790955,14,105.14,41,437,0,0,1,0,0,1,0,0,0,0
1949,72025.0,0,0,46,967,0,617,43,50,0,1,4,8,13,2,0,1,1,1,0,0,1,2,36012.5,1677,0.0465671641791044,26,64.5,65,639,0,0,1,0,0,0,1,0,0,0
1964,82224.0,0,0,83,307,26,360,138,31,40,1,6,9,5,3,0,0,0,1,0,0,0,2,41112.0,902,0.0219400661607316,21,42.95,50,545,0,0,1,0,0,0,1,0,0,0
1952,83844.0,0,0,57,901,31,345,75,31,191,1,4,4,11,1,0,0,1,0,0,0,0,2,41922.0,1574,0.0375459186107533,20,78.7,62,287,0,0,1,0,0,0,0,0,1,0
1970,33697.0,1,0,34,4,3,7,0,3,11,1,1,0,2,7,1,0,0,0,0,0,0,2,16848.5,28,0.0016618690091106,4,7.0,44,413,0,0,1,0,0,0,0,1,0,0
1954,63564.0,0,0,0,769,80,252,15,34,65,1,10,10,7,6,1,0,0,0,0,0,1,2,31782.0,1215,0.0382291863318859,28,43.39,60,549,1,0,0,0,0,0,1,0,0,0
1969,80952.0,0,0,20,778,178,689,41,27,44,1,8,5,11,8,0,1,1,1,0,0,1,2,40476.0,1757,0.0434084395691273,25,70.28,45,214,0,0,1,0,0,0,1,0,0,0
1972,62220.0,0,1,55,799,12,375,16,12,12,5,7,6,5,6,0,0,0,0,0,0,1,3,20740.0,1226,0.059112825458052,23,53.3,42,13,0,0,0,0,1,0,0,0,1,0
1978,31626.0,1,0,12,39,1,9,2,1,34,1,2,1,2,7,1,0,0,0,0,0,1,2,15813.0,86,0.0054385632074875,6,14.33,36,285,0,0,0,0,1,0,0,1,0,0
1965,42720.0,1,1,9,392,5,91,28,26,112,8,7,3,7,8,0,0,0,0,0,0,1,3,14240.0,654,0.0459269662921348,25,26.16,49,269,0,0,1,0,0,0,0,1,0,0
1968,42564.0,0,1,28,324,48,186,39,18,198,6,6,8,4,7,1,0,0,0,0,0,1,2,21282.0,813,0.0382012968705948,24,33.88,46,157,0,0,0,0,1,1,0,0,0,0
1978,43783.0,1,0,22,327,9,125,25,4,139,6,7,1,8,7,1,0,0,0,0,0,0,3,14594.33,629,0.0430989295157777,22,28.59,36,669,0,0,0,1,0,0,1,0,0,0
1957,82017.0,0,0,58,184,23,446,30,23,23,1,5,4,7,2,0,1,1,1,0,0,1,2,41008.5,729,0.0177768023702403,17,42.88,57,101,0,0,0,0,1,0,1,0,0,0
1950,16813.0,0,0,49,4,8,11,12,2,13,1,2,0,3,7,1,0,0,0,0,0,0,1,16813.0,50,0.0029738892523642,6,8.33,64,355,0,0,1,0,0,0,0,1,0,0
1962,45183.0,0,0,33,219,3,60,12,9,12,1,4,1,7,7,0,1,0,0,0,0,0,1,45183.0,315,0.0069716486289091,13,24.23,52,175,0,0,0,1,0,0,0,1,0,0
1958,48192.0,0,0,76,1039,43,204,153,58,29,3,2,8,12,8,0,1,0,1,1,0,1,2,24096.0,1526,0.0633300132802124,25,61.04,56,251,0,0,1,0,0,0,1,0,0,0
1972,59666.0,1,1,87,623,53,178,23,17,133,7,3,2,8,8,0,1,0,0,0,0,0,4,14916.5,1027,0.0688499312841484,20,51.35,42,236,0,0,1,0,0,0,1,0,0,0
1972,21359.0,1,0,1,12,2,17,6,1,10,2,2,0,3,8,0,0,0,0,0,0,1,2,10679.5,48,0.0044945924434664,7,6.86,42,265,0,0,1,0,0,0,0,1,0,0
1980,76412.0,0,0,15,840,53,804,23,71,17,1,5,4,8,3,0,0,1,1,0,0,1,1,76412.0,1808,0.0236612050463278,18,100.44,34,280,0,0,0,0,1,0,0,1,0,0
1961,57091.0,0,0,0,464,5,64,7,0,37,1,7,3,7,5,0,0,0,0,1,0,1,1,57091.0,577,0.0101066718046627,18,32.06,53,686,0,0,1,0,0,0,0,1,0,0
1959,87771.0,0,1,61,1492,38,287,50,57,33,1,5,10,4,6,0,1,1,1,1,0,1,3,29257.0,1957,0.0668899750487063,20,97.85,55,297,0,0,1,0,0,0,0,0,1,0
1954,93404.0,1,2,97,1279,15,287,20,0,15,3,3,4,7,5,0,1,1,0,0,0,0,5,18680.8,1616,0.0865059312235022,17,95.06,60,282,0,0,1,0,0,0,1,0,0,0
1977,56628.0,0,1,30,479,5,82,7,17,171,2,7,6,5,5,1,0,0,0,0,0,0,2,28314.0,761,0.0268771632407996,20,38.05,37,600,0,0,1,0,0,0,0,1,0,0
1970,81205.0,0,0,43,724,74,929,97,55,130,1,5,6,7,2,1,0,1,0,1,0,1,2,40602.5,2009,0.0494797118404039,19,105.74,44,533,0,0,1,0,0,0,0,0,1,0
1957,82347.0,0,0,38,556,54,845,202,133,63,1,7,7,10,3,1,0,0,1,0,0,0,2,41173.5,1853,0.0450046753372921,25,74.12,57,100,1,0,0,0,0,0,1,0,0,0
1966,30843.0,1,1,43,24,0,2,0,0,9,2,1,1,2,5,1,0,0,0,0,0,0,4,7710.75,35,0.0045391174658755,6,5.83,48,666,0,0,0,0,1,0,0,0,1,0
1974,46374.0,0,1,1,408,0,21,0,0,17,3,7,1,7,8,0,1,0,1,0,0,1,3,15458.0,446,0.0288523741751843,18,24.78,40,596,0,0,0,0,1,0,1,0,0,0
1989,85710.0,0,0,5,600,20,350,29,30,33,1,6,9,10,2,0,0,1,0,0,0,0,2,42855.0,1062,0.0247812390619531,26,40.85,25,280,1,0,0,0,0,0,1,0,0,0
1983,70123.0,0,0,27,1308,0,396,23,0,0,1,5,7,4,3,0,1,0,0,1,0,0,2,35061.5,1727,0.0492563067752378,17,101.59,31,426,0,0,0,0,1,0,0,0,1,0
1959,62450.0,0,1,61,515,47,267,62,66,38,2,5,5,4,3,0,1,0,0,0,0,0,2,31225.0,995,0.0318654923939151,16,62.19,55,526,0,0,1,0,0,0,0,1,0,0
1953,80812.0,0,0,95,769,22,500,210,143,33,1,4,8,5,2,1,0,1,1,0,0,0,2,40406.0,1677,0.0415037370687521,18,93.17,61,415,0,0,1,0,0,0,0,0,1,0
1972,24762.0,1,0,16,6,10,12,3,15,40,3,3,1,2,8,1,0,0,0,0,0,1,2,12381.0,86,0.0069461271302802,9,9.56,42,561,0,0,1,0,0,0,0,1,0,0
1972,86857.0,0,0,96,899,102,838,133,102,40,1,5,6,10,2,0,0,0,0,0,0,1,1,86857.0,2114,0.0243388558204865,22,96.09,42,45,0,0,0,0,1,0,0,1,0,0
1973,31814.0,1,0,73,35,3,20,4,1,20,2,2,0,3,9,1,0,0,0,0,0,0,3,10604.67,83,0.0078267404832022,7,11.86,41,195,0,0,1,0,0,0,1,0,0,0
1943,48948.0,0,0,53,437,8,206,160,49,42,2,7,10,5,6,1,0,0,0,0,0,1,1,48948.0,902,0.0184277192122252,24,37.58,71,187,0,0,0,0,1,1,0,0,0,0
1956,64090.0,0,1,8,316,58,161,76,51,135,1,6,9,4,5,0,0,0,0,0,0,1,3,21363.33,797,0.0373069179758024,20,39.85,58,374,0,0,1,0,0,0,0,0,1,0
1961,86429.0,0,0,10,464,28,873,29,18,37,0,7,4,7,2,0,0,0,1,0,0,1,1,86429.0,1449,0.0167652061229448,18,80.5,53,480,0,0,1,0,0,0,0,1,0,0
1963,52278.0,0,1,24,953,0,71,0,0,174,6,10,5,10,8,0,0,0,0,0,0,1,2,26139.0,1198,0.0458318986954359,31,38.65,51,180,0,0,0,0,1,0,0,0,0,1
1972,35641.0,1,0,11,63,3,67,8,9,28,2,3,1,4,7,0,0,0,0,0,0,1,3,11880.33,178,0.0149827487956984,10,17.8,42,350,0,0,0,1,0,0,1,0,0,0
1994,95529.0,0,0,29,770,29,890,250,27,24,1,7,3,7,3,0,0,1,0,0,0,1,1,95529.0,1990,0.0208313705785677,18,110.56,20,127,0,0,1,0,0,0,0,1,0,0
1982,84169.0,0,0,9,1478,19,403,0,19,0,1,7,6,6,3,0,1,1,0,0,0,1,2,42084.5,1919,0.0455987358766291,20,95.95,32,374,0,0,0,0,1,0,1,0,0,0
1954,74637.0,0,0,73,960,64,464,146,0,16,1,6,9,9,3,0,0,0,1,0,0,0,1,74637.0,1650,0.0221069978696892,25,66.0,60,293,0,0,0,0,1,0,0,1,0,0
1955,46015.0,1,1,25,38,0,2,0,0,6,1,1,0,3,7,1,0,0,0,1,0,0,4,11503.75,46,0.003998696077366,5,9.2,59,623,0,0,0,0,1,0,0,0,1,0
1969,39858.0,1,0,67,15,20,25,2,7,26,1,2,0,4,6,0,0,0,0,0,0,1,2,19929.0,95,0.0047669225751417,7,13.57,45,179,0,0,0,1,0,0,0,1,0,0
1986,83033.0,1,0,82,812,99,431,237,149,33,1,11,4,10,5,0,0,0,1,0,0,0,3,27677.67,1761,0.0636252979387354,26,67.73,28,658,0,0,1,0,0,0,0,0,1,0
1978,77583.0,0,0,93,372,23,384,250,12,108,1,4,5,9,2,0,0,0,1,0,0,0,2,38791.5,1149,0.0296198909554928,19,60.47,36,561,0,0,1,0,0,0,1,0,0,0
1982,74116.0,0,0,53,871,111,704,145,55,166,1,4,4,10,2,0,1,0,0,0,0,0,1,74116.0,2052,0.0276863295374817,19,108.0,32,519,1,0,0,0,0,0,0,1,0,0
1951,64950.0,0,1,29,819,0,72,12,0,63,2,11,2,10,7,0,1,0,0,0,0,0,2,32475.0,966,0.0297459584295612,25,38.64,63,14,0,0,0,0,1,0,0,1,0,0
1970,67536.0,0,1,45,1253,0,447,23,71,35,3,11,5,11,8,0,0,0,1,0,0,0,3,22512.0,1829,0.0812455579246624,30,60.97,44,297,0,0,0,0,1,0,1,0,0,0
1983,82025.0,0,0,76,267,98,606,48,70,98,1,3,2,6,1,0,0,1,0,0,0,1,1,82025.0,1187,0.014471197805547,12,98.92,31,303,0,0,1,0,0,1,0,0,0,0
1953,94384.0,0,0,62,1111,24,790,160,45,172,0,5,8,5,2,0,1,1,1,0,0,1,2,47192.0,2302,0.0487794541447703,18,127.89,61,218,0,0,1,0,0,0,0,0,1,0
1987,51563.0,0,0,60,1166,0,48,0,0,36,1,4,4,10,8,0,1,1,0,0,0,0,2,25781.5,1250,0.048484378333301,19,65.79,27,64,0,0,0,0,1,0,1,0,0,0
1976,52190.0,1,1,39,42,0,17,0,0,18,3,2,1,3,5,1,0,0,0,0,0,0,4,13047.5,77,0.0059015136999425,9,8.56,38,648,0,0,0,0,1,0,0,0,1,0
1973,44051.0,1,1,20,79,7,58,6,3,18,4,3,1,4,6,0,0,0,0,0,0,1,3,14683.67,171,0.0116455899649065,12,14.25,41,184,0,0,0,1,0,1,0,0,0,0
1965,59754.0,0,1,96,115,27,44,4,146,139,3,5,2,6,5,0,0,0,0,0,0,1,3,19918.0,475,0.0238477758811125,16,29.69,49,125,0,0,1,0,0,0,1,0,0,0
1969,41021.0,1,0,12,14,7,9,6,16,12,2,2,0,3,6,0,0,0,0,0,0,1,3,13673.67,64,0.0046805283438901,7,9.14,45,154,0,0,0,1,0,0,0,0,1,0
1973,92955.0,0,0,35,693,21,925,31,24,84,1,6,7,9,2,0,0,1,1,0,0,1,2,46477.5,1778,0.038255069657361,23,77.3,41,386,0,0,1,0,0,0,1,0,0,0
1974,34596.0,1,0,48,14,0,2,0,0,7,1,1,0,2,8,0,0,0,0,0,0,1,3,11532.0,23,0.0019944502254595,4,5.75,40,258,0,0,0,0,1,0,1,0,0,0
1959,82576.0,0,0,66,1206,55,445,168,18,18,1,2,4,12,1,0,0,1,0,0,0,0,2,41288.0,1910,0.0462604146483239,19,100.53,55,3,0,0,0,1,0,0,0,0,1,0
1954,53103.0,0,1,70,729,17,133,11,0,195,5,10,6,7,7,1,0,0,0,0,0,0,3,17701.0,1085,0.0612959719789842,28,38.75,60,410,0,0,1,0,0,0,0,0,1,0
1950,80763.0,0,0,17,674,168,108,192,42,231,1,5,11,6,3,0,0,1,1,0,0,1,2,40381.5,1415,0.0350407983853992,23,61.52,64,382,0,0,1,0,0,0,1,0,0,0
1969,75759.0,0,0,46,1394,22,708,89,91,182,1,9,7,9,5,1,0,1,1,0,0,1,2,37879.5,2486,0.0656291661716759,26,95.62,45,453,0,0,1,0,0,0,1,0,0,0
1954,85683.0,0,0,6,1296,17,311,45,69,51,1,2,4,10,1,0,1,1,1,1,0,1,1,85683.0,1789,0.020879287606643,17,105.24,60,600,0,0,1,0,0,1,0,0,0,0
1981,42021.0,1,0,34,393,5,136,7,5,27,5,10,1,6,9,1,0,0,0,0,0,0,3,14007.0,573,0.0409081173698864,22,26.05,33,33,0,0,0,1,0,0,0,0,1,0
1978,75437.0,0,0,25,795,0,545,95,58,0,1,8,4,10,6,0,0,0,1,0,0,0,2,37718.5,1493,0.0395826981454723,23,64.91,36,468,0,0,1,0,0,0,0,0,1,0
1973,52845.0,1,0,7,384,25,292,130,41,64,3,8,8,6,6,1,0,0,0,0,0,0,3,17615.0,936,0.0531365313653136,25,37.44,41,380,0,0,1,0,0,0,1,0,0,0
1956,78028.0,0,1,38,158,19,288,25,0,38,1,6,4,9,7,0,1,1,0,0,0,1,2,39014.0,528,0.0135336033218844,20,26.4,58,43,0,0,0,0,1,0,0,0,0,1
1987,95169.0,0,0,1,1285,21,449,106,20,20,1,4,3,4,1,0,0,1,1,0,0,1,1,95169.0,1901,0.0199749918565919,12,158.42,27,437,0,0,0,0,1,0,0,1,0,0
1981,56337.0,1,1,25,349,16,144,28,5,182,5,8,5,4,8,1,0,0,1,0,0,1,4,14084.25,724,0.051404938140121,22,32.91,33,241,1,0,0,0,0,0,1,0,0,0
1954,36130.0,0,1,46,157,43,127,68,56,37,6,3,8,4,4,1,0,0,0,0,0,1,2,18065.0,488,0.0270135621367284,21,23.24,60,188,0,0,1,0,0,0,0,1,0,0
1952,83844.0,0,0,57,901,31,345,75,31,191,1,4,4,11,1,0,0,1,0,0,0,0,2,41922.0,1574,0.0375459186107533,20,78.7,62,287,0,0,1,0,0,0,0,0,1,0
1968,19514.0,1,1,47,14,3,21,2,1,28,4,3,1,2,8,1,0,0,0,0,0,0,4,4878.5,69,0.0141436917085169,10,6.9,46,546,0,0,1,0,0,0,1,0,0,0
1979,77568.0,0,1,30,1230,0,396,232,178,158,1,10,2,8,5,0,1,1,1,0,0,0,3,25856.0,2194,0.0848545792079207,21,104.48,35,27,0,0,1,0,0,0,0,0,1,0
1965,70924.0,0,0,41,635,114,254,132,152,76,1,6,6,7,3,0,0,1,0,0,0,0,2,35462.0,1363,0.0384355084315605,20,68.15,49,617,1,0,0,0,0,0,1,0,0,0
1953,64504.0,1,2,81,986,36,168,16,0,108,7,11,3,4,7,0,0,0,0,0,0,1,5,12900.8,1314,0.101854148579933,25,52.56,61,218,0,0,0,0,1,0,0,0,1,0
1978,28647.0,1,0,54,19,8,29,0,12,26,1,2,2,2,7,1,0,0,0,0,0,1,2,14323.5,94,0.0065626418124061,7,13.43,36,388,0,0,1,0,0,0,0,1,0,0
1971,74538.0,0,0,21,380,98,733,110,112,28,1,8,8,5,3,0,0,1,0,0,0,1,2,37269.0,1461,0.0392014811237221,22,66.41,43,335,0,0,1,0,0,0,0,0,1,0
1971,91700.0,0,0,58,576,172,961,125,115,19,1,8,6,5,3,0,0,0,0,0,0,1,1,91700.0,1968,0.0214612868047982,20,98.4,43,172,0,0,1,0,0,0,0,1,0,0
1973,79593.0,0,0,70,350,60,568,110,133,145,1,5,6,7,2,0,0,1,0,0,0,0,2,39796.5,1366,0.0343246265375095,19,71.89,41,652,0,0,1,0,0,0,1,0,0,0
1971,37126.0,1,0,9,45,3,9,4,4,7,1,1,2,2,6,1,0,0,0,0,0,1,3,12375.33,72,0.0058180266708039,6,12.0,43,609,0,0,0,0,1,0,1,0,0,0
1959,61180.0,0,1,70,403,24,29,6,24,218,2,5,5,6,3,1,0,0,0,0,0,0,3,20393.33,704,0.0345210909645457,18,39.11,55,633,0,0,1,0,0,0,1,0,0,0
1962,76081.0,0,0,85,292,30,415,63,33,200,1,4,5,4,2,0,0,0,1,0,0,0,2,38040.5,1033,0.0271552687267517,14,73.79,52,663,0,0,1,0,0,0,0,0,1,0
1986,34728.0,1,0,2,14,0,16,0,0,6,1,1,1,2,6,0,0,0,0,0,0,1,3,11576.0,36,0.0031098825155494,5,7.2,28,366,0,0,1,0,0,0,0,0,1,0
1984,35196.0,1,0,68,75,12,141,43,39,187,6,6,1,5,8,0,0,0,0,0,0,1,3,11732.0,497,0.04236276849642,18,27.61,30,107,0,0,1,0,0,0,0,0,1,0
1966,44529.0,0,1,98,538,13,91,17,6,26,6,6,2,11,5,0,1,0,0,0,0,0,3,14843.0,691,0.0465539311459947,25,27.64,48,341,0,0,1,0,0,0,1,0,0,0
1965,70924.0,0,0,41,635,114,254,132,152,76,1,6,6,7,3,0,0,1,0,0,0,0,2,35462.0,1363,0.0384355084315605,20,68.15,49,617,1,0,0,0,0,0,1,0,0,0
1966,28764.0,1,1,16,8,0,3,0,0,1,1,1,0,2,8,1,0,0,0,0,0,0,4,7191.0,12,0.0016687526074259,4,3.0,48,676,0,0,0,0,1,0,0,0,1,0
1970,25959.0,1,1,1,4,2,12,7,5,26,2,1,2,2,6,0,0,0,0,0,0,1,3,8653.0,56,0.0064717439038483,7,8.0,44,200,1,0,0,0,0,1,0,0,0,0
1949,62845.0,1,1,3,1099,0,45,0,0,34,11,3,4,10,8,0,1,0,0,0,0,0,4,15711.25,1178,0.0749781207733312,28,42.07,65,64,0,0,0,1,0,0,1,0,0,0
1958,65196.0,0,2,34,743,19,181,12,0,200,2,7,6,11,5,1,0,0,0,0,0,0,4,16299.0,1155,0.0708632431437511,26,44.42,56,361,0,0,1,0,0,0,0,0,1,0
1987,42000.0,0,0,23,124,83,267,85,59,35,2,5,2,11,5,0,0,0,0,0,0,1,1,42000.0,653,0.015547619047619,20,32.65,27,165,0,0,0,0,1,0,0,1,0,0
1973,35860.0,1,1,37,15,0,8,4,2,20,2,1,1,2,5,1,0,0,0,0,0,0,3,11953.33,49,0.0040992761013039,6,8.17,41,659,0,0,0,0,1,1,0,0,0,0
1992,83528.0,0,0,7,530,117,678,134,44,147,1,4,10,8,1,1,0,0,1,0,0,1,1,83528.0,1650,0.0197538549947323,23,71.74,22,641,0,0,1,0,0,0,0,1,0,0
1961,88347.0,0,0,32,1050,178,555,77,138,118,1,4,7,9,1,0,0,0,1,0,0,0,2,44173.5,2116,0.0479020227059209,21,100.76,53,339,0,0,1,0,0,0,0,0,1,0
1981,87171.0,0,0,27,1001,44,107,58,44,44,1,6,7,11,2,1,0,1,0,0,0,0,2,43585.5,1298,0.0297805462825939,25,51.92,33,276,0,0,0,0,1,0,1,0,0,0
1971,36715.0,1,0,16,172,10,125,21,13,16,6,7,2,4,9,0,0,0,0,0,0,1,3,12238.33,357,0.0291706466486849,19,18.79,43,111,0,0,1,0,0,0,1,0,0,0
1956,79456.0,0,0,12,565,42,548,64,83,99,1,5,6,4,3,0,0,0,0,0,0,1,2,39728.0,1401,0.0352648006443818,16,87.56,58,24,0,0,1,0,0,0,1,0,0,0
1970,75345.0,0,0,16,918,57,842,99,38,133,1,5,8,6,3,0,0,0,1,0,0,1,1,75345.0,2087,0.0276992501161324,20,104.35,44,188,0,0,0,1,0,0,0,1,0,0
1958,84460.0,0,0,80,152,27,103,106,54,81,0,9,9,4,5,0,1,1,1,1,0,1,2,42230.0,523,0.0123845607388112,22,23.77,56,159,0,0,0,0,1,0,0,0,1,0
1958,71691.0,0,0,0,336,130,411,240,32,43,1,4,7,5,2,0,0,0,0,0,0,1,1,71691.0,1192,0.0166269127226569,17,70.12,56,596,0,0,0,0,1,0,0,1,0,0
1973,85844.0,0,0,62,938,19,843,25,95,38,1,6,6,7,2,0,0,1,0,0,0,0,2,42922.0,1958,0.0456176319835981,20,97.9,41,669,0,0,0,0,1,0,1,0,0,0
1975,83829.0,0,0,78,897,161,430,186,161,27,0,4,7,6,1,1,0,1,1,0,0,1,1,83829.0,1862,0.0222118837156592,17,109.53,39,436,0,0,1,0,0,1,0,0,0,0
1960,76045.0,0,0,78,760,53,400,17,93,0,1,4,5,11,2,0,0,0,1,0,0,0,1,76045.0,1323,0.0173975935301466,21,63.0,54,474,0,0,0,0,1,0,0,1,0,0
1974,65463.0,1,0,17,391,32,70,21,32,16,2,6,2,9,5,0,1,0,0,0,0,0,3,21821.0,562,0.025755006644975,19,29.58,40,550,1,0,0,0,0,0,1,0,0,0
1983,81698.0,0,0,1,709,45,115,30,160,45,1,8,2,5,5,0,0,0,1,0,0,1,1,81698.0,1104,0.0135131826972508,16,69.0,31,215,1,0,0,0,0,0,0,1,0,0
1960,98777.0,0,0,23,1000,19,711,125,115,38,0,4,6,9,1,0,1,0,0,0,0,0,1,98777.0,2008,0.0203286190104983,19,105.68,54,568,0,0,0,1,0,0,0,1,0,0
1971,71819.0,0,1,70,1224,28,140,0,14,168,3,3,3,5,6,0,1,1,0,0,0,0,3,23939.67,1574,0.065748608898953,14,112.43,43,395,0,0,1,0,0,0,0,0,1,0
1983,33569.0,1,0,10,16,2,18,3,0,24,1,1,1,2,8,1,0,0,0,0,0,1,3,11189.67,63,0.0056301928475102,5,12.6,31,444,0,0,0,0,1,0,1,0,0,0
1983,36262.0,0,0,24,88,39,54,64,28,153,1,3,5,3,6,1,0,0,0,0,0,1,2,18131.0,426,0.0234956703987645,12,35.5,31,418,0,0,0,1,0,0,1,0,0,0
1962,39552.0,1,1,54,165,3,147,4,24,41,7,6,2,5,8,0,0,0,0,0,0,1,3,13184.0,384,0.029126213592233,20,19.2,52,142,0,0,1,0,0,1,0,0,0,0
1952,63998.0,0,0,42,176,29,818,0,33,112,1,7,6,11,4,0,0,0,0,0,0,1,1,63998.0,1168,0.0182505703303228,25,46.72,62,509,1,0,0,0,0,1,0,0,0,0
1951,67381.0,0,1,67,815,8,53,11,0,70,4,2,2,9,7,0,1,0,0,0,0,0,3,22460.33,957,0.0426084567769039,17,56.29,63,170,0,0,0,1,0,0,1,0,0,0
1976,85606.0,0,1,89,717,42,864,219,30,84,2,6,7,9,3,0,0,0,1,0,0,0,3,28535.33,1956,0.0685466052083504,24,81.5,38,106,0,0,1,0,0,0,0,0,1,0
1985,72903.0,0,0,74,1067,138,750,0,19,39,1,7,5,8,4,0,1,1,1,0,0,1,1,72903.0,2013,0.0276120324266491,21,95.86,29,457,0,0,1,0,0,0,0,1,0,0
1962,85696.0,0,0,88,714,76,395,116,0,12,1,4,6,9,1,0,0,0,0,0,0,1,1,85696.0,1313,0.0153216019417475,20,65.65,52,278,0,0,0,0,1,1,0,0,0,0
1981,42162.0,1,0,31,46,7,59,2,4,27,2,3,1,3,6,1,0,0,0,0,0,1,3,14054.0,145,0.0103173473744129,9,16.11,33,478,0,0,1,0,0,0,0,0,1,0
1986,26576.0,1,0,40,10,0,8,0,0,9,1,1,0,2,9,1,0,0,0,0,0,1,2,13288.0,27,0.0020319084888621,4,6.75,28,76,0,0,1,0,0,0,0,1,0,0
1974,83145.0,0,0,14,777,35,731,39,137,114,1,5,9,11,2,0,0,1,0,0,0,1,2,41572.5,1833,0.0440916471224968,26,70.5,40,55,0,0,1,0,0,0,0,0,1,0
1976,46049.0,1,1,11,342,9,112,19,14,19,10,5,2,9,7,0,0,0,0,0,0,1,4,11512.25,515,0.0447349562422636,26,19.81,38,357,0,0,1,0,0,0,1,0,0,0
1965,59594.0,0,1,74,457,4,29,0,0,9,1,8,1,7,7,0,1,0,0,0,0,0,3,19864.67,499,0.0251199743061425,17,29.35,49,83,0,0,1,0,0,0,1,0,0,0
1996,14421.0,0,0,81,0,0,2,3,3,8,1,1,0,2,5,1,0,0,0,0,0,0,2,7210.5,16,0.0022189862006795,4,4.0,18,568,0,1,0,0,0,0,1,0,0,0
1957,66726.0,1,1,61,349,7,35,0,0,47,3,8,2,4,7,0,1,0,0,0,0,0,4,16681.5,438,0.0262566315978778,17,25.76,57,532,0,0,0,1,0,0,1,0,0,0
1991,90638.0,0,0,29,1156,120,915,94,144,96,1,3,4,10,1,0,0,1,0,0,0,0,1,90638.0,2525,0.0278580727730091,18,140.28,23,564,0,0,0,1,0,0,0,1,0,0
1961,54959.0,0,1,55,1148,0,60,0,0,24,3,9,5,4,7,0,1,0,0,0,0,1,2,27479.5,1232,0.0448334212776797,21,58.67,53,174,0,0,0,0,1,1,0,0,0,0
1952,62000.0,0,1,25,899,0,101,0,0,20,1,6,6,13,4,0,0,0,1,0,0,0,2,31000.0,1020,0.0329032258064516,26,39.23,62,392,0,0,0,0,1,0,0,1,0,0
1970,78579.0,0,0,35,816,66,549,216,66,99,1,5,6,4,3,0,0,0,0,0,0,1,1,78579.0,1812,0.0230595960752872,16,113.25,44,146,0,0,0,1,0,1,0,0,0,0
1969,67369.0,0,1,81,1298,0,70,37,14,42,4,7,4,10,4,0,1,1,0,0,0,1,2,33684.5,1461,0.0433730647627247,25,58.44,45,111,0,0,0,1,0,0,0,0,0,1
1969,70091.0,1,0,11,964,34,137,15,0,11,2,5,2,10,8,0,1,0,0,0,0,0,3,23363.67,1161,0.0496925354621084,19,61.11,45,245,0,0,0,1,0,0,1,0,0,0
1979,15287.0,1,0,60,1,2,8,4,3,13,2,1,1,2,7,1,0,0,0,0,0,1,2,7643.5,31,0.0040557336298815,6,5.17,35,73,0,0,1,0,0,1,0,0,0,0
1956,50965.0,0,1,87,544,13,85,8,6,29,3,10,4,5,8,1,0,0,0,0,0,0,3,16988.33,685,0.0403217973750215,22,31.14,58,206,0,0,0,1,0,0,1,0,0,0
1965,84618.0,0,0,96,684,100,801,21,66,0,1,6,9,10,2,0,0,1,0,0,0,0,2,42309.0,1672,0.0395187785104824,26,64.31,49,481,0,0,0,0,1,0,1,0,0,0
1957,40451.0,0,2,54,35,0,4,0,0,10,1,1,1,2,5,1,0,0,0,0,0,0,4,10112.75,49,0.0048453684704951,5,9.8,57,567,0,0,0,0,1,0,0,0,1,0
1957,42213.0,0,1,96,309,3,24,4,3,20,2,5,1,7,7,0,1,0,0,0,0,0,3,14071.0,363,0.0257977400326913,15,24.2,57,440,0,0,1,0,0,0,0,0,1,0
1972,77044.0,0,1,12,625,38,242,50,34,76,2,7,11,11,4,1,0,0,0,0,0,0,3,25681.33,1065,0.041469814842144,31,34.35,42,455,0,0,1,0,0,0,0,0,1,0
1969,74918.0,0,0,78,972,59,913,25,19,59,1,5,9,6,3,0,0,1,0,0,0,0,2,37459.0,2047,0.0546464134119971,21,97.48,45,226,0,0,1,0,0,0,0,0,1,0
1975,42160.0,1,1,26,48,9,45,3,15,20,4,2,1,4,6,0,0,0,0,0,0,1,3,14053.33,140,0.0099620516987788,11,12.73,39,334,0,0,1,0,0,0,0,1,0,0
1957,77297.0,0,0,84,408,61,109,48,122,41,1,5,7,9,4,0,0,0,1,0,0,0,1,77297.0,789,0.0102073819165038,22,35.86,57,181,1,0,0,0,0,1,0,0,0,0
1981,40211.0,1,1,30,51,1,7,2,1,25,2,2,1,2,8,1,0,0,0,0,0,0,4,10052.75,87,0.0086543483126507,7,12.43,33,366,0,0,1,0,0,0,1,0,0,0
1955,61284.0,0,0,76,618,15,106,20,7,45,1,11,2,8,6,0,1,0,0,0,0,0,1,61284.0,811,0.0132334704001044,22,36.86,59,440,0,0,0,0,1,0,0,1,0,0
1986,22518.0,1,0,36,11,7,12,2,2,27,2,2,1,2,5,1,0,0,0,0,0,1,3,7506.0,61,0.008126831867839,7,8.71,28,85,0,0,1,0,0,0,1,0,0,0
1972,84906.0,0,0,98,997,15,414,99,30,76,1,5,6,12,2,0,1,1,0,1,0,0,2,42453.0,1631,0.0384189574352813,24,67.96,42,432,0,0,1,0,0,0,0,0,1,0
1962,76624.0,0,1,68,411,106,147,54,115,66,1,5,10,7,1,1,0,0,0,0,0,0,2,38312.0,899,0.0234652328252244,23,39.09,52,664,0,0,1,0,0,0,0,1,0,0
1975,65106.0,0,1,55,790,19,133,12,0,19,3,8,3,13,6,0,1,0,0,0,0,0,3,21702.0,973,0.0448345774582987,27,36.04,39,664,0,0,1,0,0,0,1,0,0,0
1965,69969.0,0,0,64,882,29,514,38,29,44,1,4,2,6,3,0,0,1,1,0,0,1,2,34984.5,1536,0.0439051579985422,13,118.15,49,394,0,0,0,0,1,0,1,0,0,0
1952,67433.0,0,2,51,615,28,259,12,48,30,4,6,5,13,4,0,1,0,0,0,0,0,4,16858.25,992,0.0588435928996188,28,35.43,62,352,0,0,1,0,0,0,1,0,0,0
1967,77766.0,0,1,97,1004,59,265,115,59,27,2,11,10,11,6,1,0,0,0,0,0,1,3,25922.0,1529,0.0589846462464316,34,44.97,47,208,0,0,0,0,1,0,1,0,0,0
1970,55158.0,1,1,72,293,0,87,4,11,23,4,7,2,5,7,0,0,0,0,0,0,1,4,13789.5,418,0.0303129192501541,18,23.22,44,1,0,0,0,0,1,0,1,0,0,0
1955,62972.0,0,1,39,313,15,47,20,0,192,2,7,4,3,6,0,0,0,0,0,0,1,3,20990.67,587,0.0279648053158855,16,36.69,59,5,1,0,0,0,0,0,1,0,0,0
1976,39356.0,1,1,21,15,0,2,0,0,6,1,1,0,2,6,1,0,0,0,0,0,0,4,9839.0,23,0.0023376359386116,4,5.75,38,598,0,0,1,0,0,0,1,0,0,0
1969,76653.0,0,0,91,736,63,946,219,189,126,1,4,7,11,2,0,0,1,1,0,0,0,2,38326.5,2279,0.0594627737988076,23,99.09,45,383,0,0,1,0,0,0,0,0,1,0
1973,35860.0,1,1,37,15,0,8,4,2,20,2,1,1,2,5,1,0,0,0,0,0,0,3,11953.33,49,0.0040992761013039,6,8.17,41,659,0,0,0,0,1,1,0,0,0,0
1983,90687.0,0,0,98,982,17,672,23,34,51,1,6,2,8,2,0,0,1,0,0,0,1,1,90687.0,1779,0.0196169241456879,17,104.65,31,297,0,0,0,0,1,1,0,0,0,0
1982,73450.0,0,0,85,1142,51,415,90,69,37,1,7,8,11,3,1,0,0,1,0,0,0,2,36725.0,1804,0.0491218515997277,27,66.81,32,494,0,0,0,1,0,0,0,0,1,0
1952,47139.0,1,1,2,46,0,12,0,2,23,2,2,1,2,7,0,0,0,0,0,0,1,3,15713.0,83,0.005282250365939,7,11.86,62,585,0,0,1,0,0,0,0,1,0,0
1975,83829.0,0,0,78,897,161,430,186,161,27,0,4,7,6,1,1,0,1,1,0,0,1,1,83829.0,1862,0.0222118837156592,17,109.53,39,436,0,0,1,0,0,1,0,0,0,0
1963,53378.0,1,1,41,489,6,152,8,6,132,10,9,4,6,8,0,0,0,0,0,0,1,4,13344.5,793,0.0594252313687286,29,27.34,51,57,0,0,0,0,1,0,1,0,0,0
1944,55956.0,0,0,22,760,38,104,50,9,38,2,7,3,4,4,0,1,0,0,0,0,0,2,27978.0,999,0.0357066266352133,16,62.44,70,617,0,0,1,0,0,0,1,0,0,0
1972,38808.0,1,0,21,125,17,52,3,19,30,4,5,1,4,8,1,0,0,0,0,0,1,2,19404.0,246,0.0126777983920841,14,17.57,42,28,0,0,1,0,0,0,0,1,0,0
1971,66303.0,0,1,56,1090,12,96,16,12,60,4,3,4,11,8,0,1,0,0,0,0,0,3,22101.0,1286,0.0581874123342835,22,58.45,43,212,0,0,1,0,0,0,1,0,0,0
1975,37368.0,1,0,4,3,2,11,2,2,10,1,1,0,2,6,1,0,0,0,0,0,0,3,12456.0,30,0.0024084778420038,4,7.5,39,505,0,0,0,1,0,0,1,0,0,0
1978,71847.0,0,0,95,737,21,106,55,63,210,0,6,7,9,3,0,0,0,1,0,0,0,1,71847.0,1192,0.0165908110289921,22,54.18,36,54,0,0,1,0,0,1,0,0,0,0
1983,78687.0,0,0,13,817,185,687,145,55,241,1,4,6,8,2,0,0,1,0,0,0,1,2,39343.5,2130,0.0541385489343856,19,112.11,31,11,0,0,1,0,0,0,0,0,1,0
1971,49118.0,0,0,90,620,54,239,99,98,119,2,9,7,10,7,0,1,0,0,1,0,1,1,49118.0,1229,0.0250213770919011,28,43.89,43,20,1,0,0,0,0,1,0,0,0,0
1972,57091.0,0,1,82,462,0,24,6,0,4,2,9,2,5,7,0,1,0,0,0,0,1,3,19030.33,496,0.0260636573301671,18,27.56,42,117,0,0,0,0,1,0,1,0,0,0
1972,83151.0,0,0,80,968,147,842,137,42,210,1,5,7,10,2,1,0,1,1,0,0,1,2,41575.5,2346,0.0564274632896778,23,102.0,42,196,0,0,0,1,0,0,1,0,0,0
1966,57811.0,0,1,49,545,7,114,37,21,78,5,7,2,11,5,0,1,0,0,0,0,0,3,19270.33,802,0.041618384324503,25,32.08,48,330,0,0,1,0,0,0,0,0,1,0
1946,78569.0,0,0,14,558,79,622,207,175,95,1,4,6,4,1,0,0,1,0,0,0,1,2,39284.5,1736,0.0441904567959373,15,115.73,68,570,0,0,1,0,0,0,1,0,0,0
1953,94384.0,0,0,62,1111,24,790,160,45,172,0,5,8,5,2,0,1,1,1,0,0,1,2,47192.0,2302,0.0487794541447703,18,127.89,61,218,0,0,1,0,0,0,0,0,1,0
1979,71626.0,0,0,94,546,72,376,94,145,72,1,5,5,8,3,0,1,0,0,0,0,0,2,35813.0,1305,0.0364392818250356,19,68.68,35,95,0,0,1,0,0,0,1,0,0,0
1965,81051.0,0,0,43,1142,29,249,38,29,14,1,5,5,12,2,0,1,1,0,0,0,0,2,40525.5,1501,0.0370384079160035,23,65.26,49,663,0,0,0,0,1,0,1,0,0,0
1982,65169.0,0,0,23,1074,0,69,0,0,46,1,10,4,13,6,1,0,1,1,1,0,1,2,32584.5,1189,0.0364897420552716,28,42.46,32,534,0,0,1,0,0,0,1,0,0,0
1968,77382.0,0,1,36,491,48,231,112,105,134,2,5,7,12,1,0,0,1,0,0,0,0,3,25794.0,1121,0.0434597193145692,26,43.12,46,527,0,0,1,0,0,0,0,0,1,0
1977,37774.0,2,0,28,173,8,107,7,2,176,4,7,2,3,9,1,0,0,0,0,1,1,3,12591.33,473,0.0375655312028197,16,29.56,37,36,0,0,1,0,0,0,0,1,0,0
1945,71604.0,0,0,3,345,53,528,98,75,97,1,8,3,5,4,1,0,0,0,0,0,1,2,35802.0,1196,0.0334059549745824,17,70.35,69,476,0,0,0,0,1,0,0,0,1,0
1969,48752.0,1,1,8,73,57,100,71,15,0,5,6,1,5,9,0,0,0,0,0,0,1,4,12188.0,316,0.0259271414506071,17,18.59,45,136,0,0,1,0,0,0,1,0,0,0
1962,71434.0,0,1,4,711,36,217,172,96,168,3,7,4,7,4,0,1,0,1,0,0,0,3,23811.33,1400,0.058795539770353,21,66.67,52,416,0,0,1,0,0,0,1,0,0,0
1978,88097.0,1,0,24,163,0,480,0,126,75,1,6,5,8,9,0,1,1,1,0,0,1,3,29365.67,844,0.028741043538254,20,42.2,36,20,0,0,0,1,0,0,1,0,0,0
1982,39660.0,1,0,36,139,13,78,20,13,36,3,7,1,3,9,0,0,0,0,0,0,1,2,19830.0,299,0.0150781643973777,14,21.36,32,10,0,0,1,0,0,0,0,1,0,0
1962,50127.0,0,1,88,274,0,21,4,6,15,1,5,1,6,6,0,1,0,0,0,0,0,3,16709.0,320,0.0191513555568855,13,24.62,52,669,0,0,1,0,0,0,0,0,1,0
1949,62845.0,1,1,3,1099,0,45,0,0,34,11,3,4,10,8,0,1,0,0,0,0,1,4,15711.25,1178,0.0749781207733312,28,42.07,65,64,0,0,0,1,0,0,1,0,0,0
1976,62061.0,0,1,12,641,7,84,0,30,38,3,10,4,7,6,0,1,0,0,0,0,0,3,20687.0,800,0.0386716295257891,24,33.33,38,398,0,0,1,0,0,0,0,0,1,0
1962,85696.0,0,0,88,714,76,395,116,0,12,1,4,6,9,1,0,0,0,0,0,0,1,1,85696.0,1313,0.0153216019417475,20,65.65,52,278,0,0,0,0,1,1,0,0,0,0
1993,70515.0,0,0,12,420,0,452,182,64,140,1,6,6,4,2,0,0,0,0,0,0,1,1,70515.0,1258,0.0178401758491101,17,74.0,21,449,0,0,1,0,0,0,0,1,0,0
1982,69109.0,0,0,10,823,25,459,124,29,95,1,6,6,7,4,0,0,1,0,0,0,1,2,34554.5,1555,0.0450013746400613,20,77.75,32,103,0,0,1,0,0,0,1,0,0,0
1978,38136.0,1,0,69,8,15,27,0,20,33,2,3,1,2,8,1,0,0,0,0,0,0,3,12712.0,103,0.0081025802391441,8,12.88,36,267,0,0,1,0,0,0,1,0,0,0
1992,17256.0,1,0,10,6,4,14,8,8,22,2,2,1,2,8,1,0,0,0,0,0,0,3,5752.0,62,0.010778859527121,7,8.86,22,482,0,1,0,0,0,0,1,0,0,0
1977,59601.0,0,1,14,691,7,69,0,7,23,4,2,2,7,8,0,1,0,0,0,0,0,2,29800.5,797,0.0267445177094344,15,53.13,37,361,1,0,0,0,0,1,0,0,0,0
1958,75154.0,0,1,79,543,10,205,160,143,82,1,6,3,6,3,0,0,0,0,0,0,1,2,37577.0,1143,0.0304175426457673,16,71.44,56,37,0,0,0,1,0,0,0,1,0,0
1960,50611.0,0,1,98,459,0,24,6,0,4,6,4,5,7,6,0,1,0,0,0,0,0,2,25305.5,493,0.0194819308055561,22,22.41,54,67,0,0,0,0,1,1,0,0,0,0
1985,21355.0,1,0,5,5,13,14,0,5,31,2,2,1,2,6,1,0,0,0,0,0,1,3,7118.33,68,0.0095528024129255,7,9.71,29,387,0,0,1,0,0,0,1,0,0,0
1971,57420.0,0,1,22,280,0,18,0,0,24,3,5,1,6,7,0,1,0,0,0,0,0,3,19140.0,322,0.0168234064785788,15,21.47,43,331,0,0,0,1,0,0,0,0,1,0
1948,92344.0,0,0,9,992,24,694,51,19,119,0,5,10,5,1,1,0,1,0,0,0,0,2,46172.0,1899,0.0411288226630858,20,94.95,66,535,0,0,1,0,0,0,1,0,0,0
1957,36864.0,0,1,53,204,5,39,17,0,89,3,5,2,4,8,0,0,0,0,0,0,1,2,18432.0,354,0.0192057291666666,14,25.29,57,15,0,0,1,0,0,0,0,1,0,0
1953,36957.0,1,1,43,100,2,16,2,1,31,4,3,2,2,9,0,0,0,0,0,0,1,3,12319.0,152,0.0123386638525854,11,13.82,61,39,0,0,0,0,1,1,0,0,0,0
1972,80134.0,1,0,40,1218,16,272,104,0,80,2,5,3,6,6,0,1,1,1,0,0,1,3,26711.33,1690,0.0632690322795607,16,105.62,42,295,0,0,1,0,0,0,1,0,0,0
1944,80589.0,0,0,25,507,93,520,242,40,26,1,5,10,5,1,0,0,0,1,0,0,1,2,40294.5,1428,0.0354390797751554,21,68.0,70,542,0,0,1,0,0,0,1,0,0,0
1966,63810.0,0,1,45,977,12,253,16,12,101,4,4,3,12,8,0,1,0,0,0,0,0,2,31905.0,1371,0.0429713211095439,23,59.61,48,105,0,0,1,0,0,0,0,1,0,0
1985,92533.0,0,0,84,693,21,118,110,147,42,1,6,5,11,2,0,0,1,1,0,0,0,2,46266.5,1131,0.0244453330163293,23,49.17,29,508,0,0,1,0,0,0,1,0,0,0
1979,31086.0,1,1,79,16,2,11,3,0,16,2,1,1,2,8,1,0,0,0,0,0,0,4,7771.5,48,0.0061764138197259,6,8.0,35,279,1,0,0,0,0,0,1,0,0,0
1979,21645.0,1,0,75,14,0,23,4,5,19,3,3,0,3,9,0,0,0,0,0,0,1,3,7215.0,65,0.009009009009009,9,7.22,35,36,0,0,1,0,0,0,0,0,1,0
1948,78427.0,0,0,36,972,19,595,180,26,138,3,3,7,10,3,0,0,0,1,0,0,1,1,78427.0,1930,0.0246088719446109,23,83.91,66,87,0,0,0,1,0,0,0,0,0,1
1946,82657.0,0,0,71,966,168,672,246,105,126,1,7,5,10,4,0,1,0,1,0,0,0,2,41328.5,2283,0.0552403305225207,23,99.26,68,425,0,0,1,0,0,0,0,0,1,0
1957,52852.0,0,1,93,714,8,99,11,0,47,4,10,7,5,8,1,0,0,0,0,0,0,3,17617.33,879,0.0498940531851307,26,33.81,57,125,0,0,1,0,0,0,1,0,0,0
1953,73892.0,0,0,40,703,102,601,0,58,43,1,3,11,8,1,0,0,0,0,0,0,1,1,73892.0,1507,0.0203946300005413,23,65.52,61,472,0,0,1,0,0,0,0,1,0,0
1971,43300.0,0,1,87,91,3,52,2,1,31,3,4,0,4,8,0,0,0,0,0,0,1,2,21650.0,180,0.0083140877598152,11,16.36,43,76,0,0,1,0,0,1,0,0,0,0
1970,93790.0,0,0,16,1302,68,731,89,114,45,0,6,7,12,2,0,1,1,1,0,0,1,1,93790.0,2349,0.0250453139993602,25,93.96,44,563,0,0,1,0,0,0,0,1,0,0
1974,38410.0,0,0,65,153,64,123,116,64,14,2,5,2,9,6,0,0,0,0,0,0,1,2,19205.0,534,0.0278052590471231,18,29.67,40,47,0,0,0,0,1,0,1,0,0,0
1950,64866.0,0,1,9,508,5,21,7,5,10,4,7,3,7,5,0,1,0,0,0,0,0,2,32433.0,556,0.01714303333025,21,26.48,64,546,0,0,0,1,0,0,0,0,0,1
1955,46015.0,1,1,25,38,0,2,0,0,6,1,1,0,3,7,1,0,0,0,1,0,0,4,11503.75,46,0.003998696077366,5,9.2,59,623,0,0,0,0,1,0,0,0,1,0
1952,83844.0,0,0,57,901,31,345,75,31,191,1,4,4,11,1,0,0,1,0,0,0,0,2,41922.0,1574,0.0375459186107533,20,78.7,62,287,0,0,1,0,0,0,0,0,1,0
1969,94871.0,0,2,99,169,24,553,188,0,144,1,8,5,4,7,0,1,1,0,0,0,1,4,23717.75,1078,0.0454511916180919,18,59.89,45,34,0,0,0,0,1,0,1,0,0,0
1961,57072.0,0,1,79,944,0,60,0,0,30,2,7,5,13,5,1,0,0,0,0,0,0,3,19024.0,1034,0.0543523969722455,27,38.3,53,544,0,0,0,0,1,0,1,0,0,0
1946,64014.0,2,1,56,406,0,30,0,0,8,7,8,2,5,7,0,0,0,1,0,0,0,5,12802.8,444,0.034679913768863,22,20.18,68,681,0,0,0,0,1,0,0,0,1,0
1955,76998.0,0,1,85,1449,89,161,69,35,107,2,11,8,8,6,0,0,1,0,0,0,0,3,25666.0,1910,0.0744175173381126,29,65.86,59,166,0,0,1,0,0,0,1,0,0,0
1971,60585.0,1,1,17,267,42,309,55,42,21,10,7,4,9,5,0,0,0,0,0,0,1,4,15146.25,736,0.0485928860278946,30,24.53,43,330,0,0,0,0,1,0,1,0,0,0
1988,87679.0,0,0,62,1259,172,815,97,148,33,1,7,11,10,4,1,0,1,1,0,0,1,2,43839.5,2524,0.0575736493345042,29,87.03,26,363,0,0,1,0,0,0,0,0,1,0
1969,53374.0,0,1,34,896,10,101,13,10,34,6,4,2,9,9,1,0,0,0,0,0,1,3,17791.33,1064,0.0598044103504347,21,50.67,45,18,0,0,0,0,1,0,0,0,1,0
1977,42014.0,1,0,56,244,15,108,4,15,50,6,7,1,6,8,0,0,0,0,0,0,1,3,14004.67,436,0.0311324722396172,20,21.8,37,19,0,0,1,0,0,0,1,0,0,0
1955,49667.0,0,0,35,1181,26,120,17,13,39,2,5,10,5,8,1,0,0,0,0,0,1,1,49667.0,1396,0.0281071939114502,22,63.45,59,22,0,0,0,0,1,0,0,1,0,0
1974,63206.0,0,0,65,750,8,125,11,8,26,1,4,3,6,2,0,0,1,0,0,0,0,2,31603.0,928,0.0293643008575135,14,66.29,40,599,0,0,0,1,0,0,1,0,0,0
1975,46772.0,0,1,88,350,104,189,197,151,57,6,11,8,5,8,1,0,0,0,0,0,0,3,15590.67,1048,0.0672196897246879,30,34.93,39,101,1,0,0,0,0,0,0,0,1,0
1977,20981.0,0,0,14,2,12,10,6,13,30,1,3,1,2,8,0,0,0,0,0,0,1,2,10490.5,73,0.0069586768981459,7,10.43,37,275,1,0,0,0,0,0,0,0,1,0
1970,27242.0,1,0,2,3,17,26,20,1,39,2,2,0,3,9,0,0,0,0,0,0,1,2,13621.0,106,0.0077821011673151,7,15.14,44,105,0,0,1,0,0,0,0,1,0,0
1983,87188.0,0,0,73,910,111,724,49,74,55,1,10,2,6,3,0,0,0,0,0,0,1,1,87188.0,1923,0.0220557874936917,19,101.21,31,309,0,0,0,0,1,0,0,1,0,0
1987,74004.0,0,0,5,784,48,560,42,176,48,1,4,6,4,3,0,0,1,1,0,0,1,1,74004.0,1658,0.022404194367872,15,110.53,27,575,0,0,0,0,1,0,0,1,0,0
1975,57036.0,0,1,33,1171,43,219,19,14,47,4,6,3,13,9,1,0,0,0,0,0,0,3,19012.0,1513,0.0795813170629076,26,58.19,39,135,1,0,0,0,0,0,1,0,0,0
1958,53083.0,1,1,65,215,7,33,3,0,13,6,5,1,5,7,0,1,0,0,0,0,0,4,13270.75,271,0.0204208503664073,17,15.94,56,290,1,0,0,0,0,0,0,0,1,0
1975,46098.0,1,1,86,57,0,27,0,0,36,4,3,2,2,8,0,0,0,0,0,0,1,3,15366.0,120,0.0078094494338149,11,10.91,39,20,0,0,0,1,0,0,0,1,0,0
1959,67786.0,0,0,0,431,82,441,80,20,102,1,3,6,6,1,0,0,0,0,0,0,1,1,67786.0,1156,0.0170536688991827,16,72.25,55,496,0,0,0,0,1,0,0,0,0,1
1971,71969.0,0,1,59,1000,0,76,0,0,10,3,3,4,9,8,0,1,0,0,0,0,0,3,23989.67,1086,0.0452694847407238,19,57.16,43,79,0,0,0,0,1,0,1,0,0,0
1963,30983.0,0,0,50,51,4,50,12,1,49,1,4,0,3,8,0,0,0,0,0,0,1,1,30983.0,167,0.0053900526094955,8,20.88,51,103,0,0,1,0,0,0,0,1,0,0
1962,76081.0,0,0,85,292,30,415,63,33,200,1,4,5,4,2,0,0,0,1,0,0,0,2,38040.5,1033,0.0271552687267517,14,73.79,52,663,0,0,1,0,0,0,0,0,1,0
1962,47175.0,1,1,81,167,2,44,6,2,19,7,4,2,4,8,1,0,0,0,0,0,1,4,11793.75,240,0.0203497615262321,17,14.12,52,91,0,0,0,1,0,0,0,0,1,0
1964,63972.0,0,1,93,928,63,254,0,12,12,4,5,4,10,4,0,1,0,0,0,0,0,2,31986.0,1269,0.0396736072031513,23,55.17,50,126,0,0,0,1,0,0,0,1,0,0
1950,55517.0,1,1,53,483,0,108,0,6,36,5,11,1,6,9,0,0,0,0,0,0,1,4,13879.25,633,0.0456076517102869,23,27.52,64,60,0,0,0,0,1,0,1,0,0,0
1946,82800.0,0,0,23,1006,22,115,59,68,45,1,7,6,12,3,0,0,1,1,0,0,1,1,82800.0,1315,0.0158816425120772,26,50.58,68,118,0,0,0,0,1,0,0,1,0,0
1991,90638.0,0,0,29,1156,120,915,94,144,96,1,3,4,10,1,0,0,1,0,0,0,1,1,90638.0,2525,0.0278580727730091,18,140.28,23,564,0,0,0,1,0,0,0,1,0,0
1977,42014.0,1,0,56,244,15,108,4,15,50,6,7,1,6,8,0,0,0,0,0,0,1,3,14004.67,436,0.0311324722396172,20,21.8,37,19,0,0,1,0,0,0,1,0,0,0
1982,45203.0,2,0,4,35,3,67,10,8,24,1,3,1,3,6,0,0,0,0,0,0,1,4,11300.75,147,0.0130079861956064,8,18.38,32,602,0,0,1,0,0,0,0,0,1,0
1947,81574.0,0,0,89,1252,0,465,46,35,0,1,4,5,8,1,0,1,1,0,0,0,0,2,40787.0,1798,0.0440826734008385,18,99.89,67,638,0,0,0,0,1,0,0,0,1,0
1987,81361.0,0,0,18,163,23,424,27,65,76,1,3,10,13,1,0,0,0,0,0,0,1,1,81361.0,778,0.0095623210137535,27,28.81,27,576,0,0,1,0,0,1,0,0,0,0
1973,35860.0,1,1,37,15,0,8,4,2,20,2,1,1,2,5,1,0,0,0,0,0,1,3,11953.33,49,0.0040992761013039,6,8.17,41,659,0,0,0,0,1,1,0,0,0,0
1952,40442.0,1,1,52,45,12,52,25,22,13,4,3,1,4,7,0,0,0,0,0,0,1,4,10110.5,169,0.0167152959794273,12,14.08,62,21,0,0,0,1,0,0,0,0,1,0
1987,75794.0,0,0,33,754,160,625,63,32,48,1,7,5,12,3,0,0,0,1,0,0,0,2,37897.0,1682,0.0443834604322241,25,67.28,27,513,0,0,1,0,0,0,1,0,0,0
1988,13724.0,1,0,43,2,7,5,2,15,27,1,2,0,2,9,1,0,0,0,0,0,0,3,4574.67,58,0.012678510143901,5,11.6,26,33,0,1,0,0,0,0,0,0,1,0
1973,48432.0,0,1,3,322,3,50,4,3,42,5,7,1,6,8,0,0,0,0,0,0,1,2,24216.0,424,0.0175090849025437,19,22.32,41,81,0,0,0,0,1,0,0,1,0,0
1984,36108.0,1,0,68,141,8,129,3,11,47,3,7,1,4,9,1,0,0,0,0,0,0,2,18054.0,339,0.0187770023263542,15,22.6,30,443,0,0,1,0,0,0,0,1,0,0
1956,90226.0,0,0,26,1083,108,649,253,151,108,1,4,7,12,2,0,0,0,1,0,0,0,2,45113.0,2352,0.0521357480105512,24,98.0,58,59,0,0,0,1,0,0,1,0,0,0
1955,70638.0,0,0,69,1016,12,215,16,12,63,1,4,5,10,3,0,1,0,0,0,0,0,1,70638.0,1334,0.0188850193946601,20,66.7,59,307,0,0,0,1,0,1,0,0,0,0
1990,51250.0,1,0,28,342,32,230,34,32,40,5,10,5,4,9,1,0,0,0,0,0,0,2,25625.0,710,0.0277073170731707,24,29.58,24,244,1,0,0,0,0,0,0,1,0,0
1990,64509.0,0,0,19,836,185,575,24,25,77,1,6,3,9,4,1,0,0,0,0,0,1,1,64509.0,1722,0.0266939496814398,19,90.63,24,384,0,0,1,0,0,0,0,1,0,0
1977,31353.0,1,1,24,10,0,10,3,1,7,2,1,1,2,8,0,0,0,0,0,0,1,4,7838.25,31,0.0039549644372149,6,5.17,37,518,0,0,1,0,0,0,1,0,0,0
1965,51717.0,0,1,55,98,1,17,0,1,5,1,3,0,4,7,0,1,0,0,0,0,0,3,17239.0,122,0.0070769766227739,8,15.25,49,387,0,0,0,0,1,0,0,0,1,0
1982,19444.0,1,0,8,16,0,23,3,2,10,3,4,1,2,7,0,0,0,0,0,0,1,3,6481.33,54,0.0083316232933672,10,5.4,32,573,0,0,1,0,0,0,0,0,1,0
1964,64140.0,0,2,71,1459,0,61,0,15,215,5,2,5,6,5,1,0,1,0,1,0,1,3,21380.0,1750,0.0818521983161833,18,97.22,50,421,0,0,0,0,1,1,0,0,0,0
1981,58684.0,0,0,71,479,35,179,28,7,85,1,5,3,12,2,0,1,0,0,0,0,0,1,58684.0,813,0.0138538613591438,21,38.71,33,687,0,0,1,0,0,0,0,1,0,0
1967,57136.0,0,0,18,267,140,599,34,12,127,1,7,5,7,6,0,0,0,0,0,0,1,1,57136.0,1179,0.0206349761971436,20,58.95,47,293,0,0,1,0,0,1,0,0,0,0
1961,82014.0,0,0,48,980,37,265,35,163,31,1,3,6,12,6,0,0,0,0,0,0,1,1,82014.0,1511,0.018423683761309,22,68.68,53,22,0,0,1,0,0,0,0,1,0,0
1963,34213.0,1,1,2,50,4,28,6,3,26,3,3,1,2,9,0,0,0,0,0,0,1,3,11404.33,117,0.0102592611753605,9,13.0,51,40,0,0,1,0,0,0,0,0,0,1
1981,72066.0,0,0,55,1003,34,536,134,51,34,1,4,6,6,2,0,0,1,1,0,0,1,1,72066.0,1792,0.024866094968501,17,105.41,33,694,0,0,1,0,0,0,0,1,0,0
1967,77766.0,0,1,97,1004,59,265,115,59,27,2,11,10,11,6,1,0,0,0,0,0,1,3,25922.0,1529,0.0589846462464316,34,44.97,47,208,0,0,0,0,1,0,1,0,0,0
1985,37929.0,0,0,49,202,2,46,3,2,10,2,4,2,5,7,0,1,0,1,0,0,1,1,37929.0,265,0.0069867383796039,13,20.38,29,366,0,0,0,0,1,0,0,1,0,0
1986,80141.0,0,0,20,1184,102,673,52,40,40,1,7,4,10,6,0,0,1,0,0,0,1,2,40070.5,2091,0.0521830274141825,22,95.05,28,166,0,0,0,1,0,0,1,0,0,0
1955,72635.0,0,0,54,390,22,323,104,35,107,1,6,8,6,3,0,0,0,1,0,0,0,2,36317.5,981,0.0270117711846905,21,46.71,59,309,1,0,0,0,0,0,1,0,0,0
1978,70440.0,0,0,49,690,117,499,76,102,88,1,5,10,7,3,0,0,0,1,0,0,0,2,35220.0,1572,0.0446337308347529,23,68.35,36,436,0,0,1,0,0,0,0,0,1,0
1980,78789.0,0,0,12,667,50,850,21,83,83,1,4,6,5,2,0,0,0,0,0,0,1,1,78789.0,1754,0.0222619908870527,16,109.62,34,10,0,0,0,1,0,1,0,0,0,0
1968,56534.0,0,1,35,691,7,61,10,0,46,4,10,4,7,8,0,1,0,0,1,0,1,3,18844.67,815,0.043248303101089,25,32.6,46,359,0,0,1,0,0,0,0,0,1,0
1983,86580.0,0,0,72,532,21,127,26,20,20,0,4,2,5,1,0,0,1,0,0,0,0,2,43290.0,746,0.0172326172326172,11,67.82,31,213,0,0,0,0,1,0,1,0,0,0
1973,9722.0,1,0,7,6,17,16,6,16,42,4,3,1,3,8,0,0,0,0,0,0,1,3,3240.67,103,0.0317835509323689,11,9.36,41,65,0,1,0,0,0,0,0,0,1,0
1956,58656.0,0,1,25,962,12,194,16,24,12,4,7,8,13,6,0,0,1,0,0,0,0,3,19552.0,1220,0.0623977086743044,32,38.12,58,53,0,0,0,1,0,0,0,0,1,0
1986,83512.0,0,0,31,1060,61,835,80,20,101,1,4,7,10,1,1,0,1,1,1,0,1,2,41756.0,2157,0.0516572468627263,22,98.05,28,688,0,0,1,0,0,0,1,0,0,0
1959,77520.0,0,1,30,940,44,396,0,88,58,1,8,7,7,4,1,0,1,1,0,0,1,3,25840.0,1526,0.0590557275541795,23,66.35,55,395,0,0,0,1,0,0,1,0,0,0
1966,80398.0,0,0,92,342,51,936,207,35,26,1,5,8,12,3,0,0,1,0,0,0,0,2,40199.0,1597,0.0397273564019005,26,61.42,48,104,0,0,1,0,0,0,1,0,0,0
1976,55424.0,0,1,6,462,61,184,10,53,107,4,7,5,9,6,1,0,0,0,0,0,1,3,18474.67,877,0.0474704013657618,25,35.08,38,119,0,0,0,0,1,0,1,0,0,0
1983,92491.0,0,0,71,979,44,935,29,25,22,1,7,5,12,3,0,1,1,1,0,0,1,2,46245.5,2034,0.0439826577721075,25,81.36,31,276,0,0,0,0,1,0,1,0,0,0
1991,90273.0,0,0,32,704,129,853,120,74,111,1,5,6,7,2,0,1,1,1,0,0,1,1,90273.0,1991,0.022055321081608,19,104.79,23,503,0,0,1,0,0,0,0,1,0,0
1962,82571.0,0,0,28,861,31,558,62,95,79,0,6,5,13,2,0,0,1,0,0,0,0,1,82571.0,1686,0.0204187911009918,24,70.25,52,612,0,0,0,0,1,0,0,0,0,1
1982,38513.0,1,0,20,172,3,115,16,0,18,5,6,1,5,8,0,0,0,0,0,0,1,2,19256.5,324,0.016825487497728,17,19.06,32,548,0,0,0,0,1,0,0,1,0,0
1979,16653.0,1,0,10,5,7,31,15,4,7,3,2,1,3,6,0,0,0,0,0,0,1,2,8326.5,69,0.008286795172041,9,7.67,35,628,0,0,0,1,0,0,0,1,0,0
1955,42586.0,1,1,7,194,2,56,0,0,0,5,4,1,6,8,0,0,0,0,0,0,1,4,10646.5,252,0.0236697506222702,16,15.75,59,92,0,0,1,0,0,0,0,0,1,0
1955,37244.0,1,1,90,18,2,10,0,0,25,1,1,1,2,7,1,0,0,0,0,0,0,3,12414.67,55,0.0044302426081402,5,11.0,59,272,0,0,1,0,0,1,0,0,0,0
1966,82427.0,0,0,35,482,147,509,104,107,107,1,3,5,12,1,0,0,1,0,0,0,0,2,41213.5,1456,0.035328229827605,21,69.33,48,591,0,0,1,0,0,0,0,0,1,0
1963,77437.0,0,0,70,560,21,442,29,44,29,1,4,5,13,1,0,0,1,0,0,0,0,2,38718.5,1125,0.0290558776812118,23,48.91,51,485,0,0,1,0,0,0,1,0,0,0
1959,54984.0,0,1,51,173,13,131,32,3,6,4,6,1,6,7,0,0,0,1,0,0,0,3,18328.0,358,0.0195329550414666,17,21.06,55,664,0,0,1,0,0,0,1,0,0,0
1964,55761.0,0,1,97,136,1,12,0,3,32,2,4,1,3,6,0,1,0,0,0,0,0,3,18587.0,184,0.0098993920482057,10,18.4,50,634,0,0,1,0,0,0,0,0,1,0
1945,45576.0,0,0,9,56,19,29,2,14,25,1,3,1,3,8,0,0,0,0,0,0,1,1,45576.0,145,0.0031814990345796,8,18.12,69,668,0,0,0,0,1,0,0,1,0,0
1947,70321.0,0,0,6,303,23,751,82,26,191,1,6,5,13,4,0,0,0,0,0,0,1,2,35160.5,1376,0.039134824590094,25,55.04,67,171,0,0,1,0,0,0,0,0,1,0
1949,80360.0,0,0,56,1493,86,454,112,43,43,2,4,4,5,2,0,1,1,1,0,0,0,2,40180.0,2231,0.0555251368840219,15,148.73,65,217,0,0,0,0,1,0,1,0,0,0
1961,63342.0,0,1,48,918,21,118,13,10,21,3,8,3,5,6,0,1,0,0,0,0,1,3,21114.0,1101,0.0521454958795112,19,57.95,53,79,0,0,0,0,1,0,0,0,1,0
1949,51569.0,0,1,39,380,0,47,6,0,34,4,7,1,7,8,0,1,0,0,0,0,1,2,25784.5,467,0.0181116562275785,19,24.58,65,198,0,0,0,0,1,0,0,0,0,1
1971,39763.0,1,0,9,80,1,60,4,6,16,2,5,1,2,9,0,0,0,0,0,0,1,2,19881.5,167,0.0083997686291275,10,16.7,43,371,0,0,0,1,0,0,0,1,0,0
1975,47808.0,0,1,30,123,1,26,2,0,72,2,3,2,3,7,1,0,0,0,0,0,0,3,15936.0,224,0.0140562248995983,10,22.4,39,448,0,0,0,1,0,0,1,0,0,0
1974,25509.0,1,0,15,40,3,30,10,7,11,3,3,0,3,9,0,0,0,0,0,0,1,2,12754.5,101,0.0079187737661217,9,11.22,40,51,0,0,0,0,1,1,0,0,0,0
1955,42586.0,1,1,7,194,2,56,0,0,0,5,4,1,6,8,0,0,0,0,0,0,1,4,10646.5,252,0.0236697506222702,16,15.75,59,92,0,0,1,0,0,0,0,0,1,0
1971,34600.0,1,1,8,199,33,60,8,3,15,5,5,2,5,8,0,0,0,0,0,0,1,4,8650.0,318,0.0367630057803468,17,18.71,43,156,0,0,1,0,0,0,0,0,1,0
1962,82122.0,0,0,89,734,22,350,151,25,100,1,3,9,13,1,0,0,1,0,0,0,0,2,41061.0,1382,0.0336572416648401,26,53.15,52,382,1,0,0,0,0,0,0,0,1,0
1952,34074.0,1,1,69,135,1,41,10,1,67,5,3,3,3,6,1,0,0,0,0,0,0,4,8518.5,255,0.0299348476844514,14,18.21,62,349,0,0,1,0,0,0,0,0,1,0
1964,63404.0,0,2,97,734,26,70,11,44,17,2,6,3,4,4,0,0,0,1,0,0,0,4,15851.0,902,0.0569049271339347,15,60.13,50,677,0,0,1,0,0,0,0,0,1,0
1974,75702.0,0,1,87,1073,0,629,145,37,37,1,10,5,13,6,0,0,1,0,0,0,0,3,25234.0,1921,0.076127447095189,29,66.24,40,77,0,0,1,0,0,0,0,0,1,0
1966,37070.0,1,1,30,231,7,137,4,15,39,9,5,1,8,7,0,0,0,0,0,0,1,3,12356.67,433,0.035041803333746,23,18.83,48,234,0,0,1,0,0,0,0,1,0,0
1951,44689.0,1,1,82,18,0,5,0,0,11,2,1,1,2,7,1,0,0,0,0,0,0,4,11172.25,34,0.0030432544921569,6,5.67,63,530,0,0,1,0,0,0,1,0,0,0
1956,90369.0,0,0,2,292,51,981,224,23,17,1,4,6,6,1,0,0,0,0,0,0,1,2,45184.5,1588,0.0351447952284522,17,93.41,58,638,0,0,1,0,0,0,1,0,0,0
1974,63159.0,0,0,74,965,34,586,89,86,37,1,3,5,8,3,1,0,0,0,0,0,0,1,63159.0,1797,0.0284520020899634,17,105.71,40,99,0,0,0,0,1,0,0,1,0,0
1969,79734.0,0,0,72,572,8,232,23,62,17,1,4,3,6,1,0,0,0,1,0,0,0,2,39867.0,914,0.0229262297137983,14,65.29,45,699,0,0,0,1,0,0,1,0,0,0
1992,63207.0,0,0,68,438,169,565,91,169,70,1,2,3,6,7,0,0,0,1,0,0,0,2,31603.5,1502,0.0475263815716613,12,125.17,22,175,0,0,1,0,0,0,0,0,1,0
1982,58582.0,0,1,15,402,35,106,101,77,42,2,9,2,9,5,0,1,0,0,0,0,0,3,19527.33,763,0.0390734421961425,22,34.68,32,426,1,0,0,0,0,0,0,0,1,0
1951,72282.0,0,0,70,503,27,419,90,139,153,1,5,7,9,7,0,0,0,0,0,0,1,1,72282.0,1331,0.0184139896516421,22,60.5,63,355,0,0,1,0,0,0,0,1,0,0
1962,62568.0,0,1,99,362,17,398,80,35,61,3,5,3,5,4,0,0,0,1,0,0,0,3,20856.0,953,0.0456942846183352,16,59.56,52,617,0,0,1,0,0,0,0,0,1,0
1986,78394.0,0,0,13,298,27,697,216,24,166,1,4,6,5,2,0,0,0,0,0,0,1,2,39197.0,1428,0.0364313595428221,16,89.25,28,201,0,0,1,0,0,0,0,0,1,0
1975,22669.0,1,0,30,16,14,36,37,22,48,3,4,1,2,9,0,0,0,0,0,0,1,3,7556.33,173,0.0228947121155375,10,17.3,39,297,0,0,0,1,0,0,0,0,1,0
1977,54809.0,1,1,0,63,6,57,13,13,22,4,2,1,5,4,0,0,0,0,0,0,1,4,13702.25,174,0.0126986443832217,12,14.5,37,409,0,0,1,0,0,0,1,0,0,0
1957,47743.0,0,1,56,198,2,43,0,12,20,3,4,1,6,6,0,1,0,0,0,0,0,3,15914.33,275,0.0172800237270434,14,19.64,57,236,0,0,1,0,0,0,1,0,0,0
1954,57333.0,0,1,55,941,14,397,76,58,176,11,8,5,9,6,0,0,0,0,0,0,1,2,28666.5,1662,0.0579770812621003,33,50.36,60,55,0,0,0,0,1,1,0,0,0,0
1953,84953.0,0,0,73,167,48,602,63,72,72,1,3,10,4,2,0,1,1,1,0,0,1,1,84953.0,1024,0.0120537238237613,18,56.89,61,309,0,0,0,1,0,0,0,0,0,1
1975,86836.0,0,0,7,179,21,273,0,21,63,1,6,10,6,5,1,0,1,1,0,0,1,2,43418.0,557,0.0128287806900363,23,24.22,39,45,0,0,0,0,1,0,1,0,0,0
1995,83257.0,0,0,56,536,27,590,38,107,67,1,5,10,12,6,1,0,1,0,0,1,1,1,83257.0,1365,0.016395017836338,28,48.75,19,51,1,0,0,0,0,0,0,1,0,0
1961,64260.0,0,0,1,539,169,816,20,0,30,1,4,5,4,3,0,0,0,0,0,0,1,2,32130.0,1574,0.0489884842826019,14,112.43,53,166,0,0,1,0,0,0,0,0,1,0
1984,82733.0,0,0,28,712,50,420,65,38,38,1,8,4,7,4,0,0,0,0,0,0,1,1,82733.0,1323,0.0159912006091885,20,66.15,30,408,0,0,0,0,1,0,0,1,0,0
1971,74290.0,0,1,70,1121,0,72,0,12,12,4,10,8,10,6,0,1,0,1,0,0,0,2,37145.0,1217,0.0327634944137838,32,38.03,43,379,0,0,0,1,0,1,0,0,0,0
1982,69109.0,0,0,10,823,25,459,124,29,95,1,6,6,7,4,0,0,1,0,0,0,1,2,34554.5,1555,0.0450013746400613,20,77.75,32,103,0,0,1,0,0,0,1,0,0,0
1973,60208.0,1,1,13,488,23,71,15,0,59,11,8,3,7,7,0,1,0,0,0,0,1,3,20069.33,656,0.0326866915836253,29,22.62,41,70,0,0,1,0,0,0,0,0,0,1
1977,82326.0,0,0,30,938,142,754,159,81,183,1,5,10,6,2,0,1,1,1,0,0,1,2,41163.0,2257,0.0548307946456769,22,102.59,37,589,1,0,0,0,0,0,0,0,1,0
1959,33051.0,0,0,15,100,71,243,108,94,219,3,9,1,8,9,0,0,0,0,0,0,1,1,33051.0,835,0.0252639859610904,21,39.76,55,18,0,0,0,1,0,0,0,0,0,1
1958,72905.0,0,0,52,407,114,445,181,165,203,1,3,7,9,1,0,0,0,1,0,0,0,2,36452.5,1515,0.0415609354639599,20,75.75,56,541,0,0,1,0,0,0,1,0,0,0
1984,70643.0,0,0,66,1218,107,304,23,143,33,1,5,8,4,6,0,0,0,0,0,0,1,2,35321.5,1828,0.0517531814900273,18,101.56,30,78,0,0,0,0,1,0,1,0,0,0
1969,30396.0,1,0,22,15,0,6,0,1,12,2,1,1,2,7,1,0,0,0,0,0,1,3,10132.0,34,0.0033557046979865,6,5.67,45,640,0,0,0,0,1,0,1,0,0,0
1969,62772.0,0,1,74,581,49,157,43,8,108,1,5,6,11,2,0,1,0,0,0,0,0,2,31386.0,946,0.0301408271203721,23,41.13,45,294,0,0,0,1,0,0,0,1,0,0
1971,86979.0,0,0,67,584,100,835,65,83,35,1,5,5,5,2,1,0,0,0,0,0,1,1,86979.0,1702,0.0195679416870738,16,106.38,43,466,0,0,0,0,1,1,0,0,0,0
1982,42081.0,1,0,86,175,10,110,54,6,27,2,6,3,4,6,1,0,0,0,0,0,0,3,14027.0,382,0.0272331931275397,15,25.47,32,212,0,0,1,0,0,0,1,0,0,0
1989,88420.0,0,0,87,957,153,612,99,95,153,1,4,7,8,1,1,0,1,1,0,0,0,2,44210.0,2069,0.0467993666591268,20,103.45,25,642,0,0,0,1,0,0,0,0,1,0
1968,61671.0,0,1,23,641,7,56,0,0,28,8,10,4,6,8,0,1,0,1,0,0,0,2,30835.5,732,0.0237388724035608,28,26.14,46,674,0,0,1,0,0,1,0,0,0,0
1978,24882.0,1,0,52,1,4,10,29,0,36,1,1,1,2,6,1,0,0,0,0,0,0,3,8294.0,80,0.0096455268869061,5,16.0,36,42,0,1,0,0,0,0,0,0,1,0
1954,90933.0,0,0,90,1020,31,430,62,63,79,1,4,6,4,1,0,0,1,0,0,0,0,1,90933.0,1685,0.0185301265767103,15,112.33,60,610,0,0,0,0,1,0,0,1,0,0
1968,45688.0,0,1,20,279,0,18,0,0,9,2,3,1,8,4,0,1,0,0,0,0,0,3,15229.33,306,0.0200928077597635,14,21.86,46,545,0,0,1,0,0,0,1,0,0,0
1980,31535.0,1,0,95,15,4,13,0,0,19,1,1,1,2,7,1,0,0,0,0,0,0,3,10511.67,51,0.0048517504830345,5,10.2,34,424,0,0,0,1,0,0,1,0,0,0
1970,67384.0,0,1,32,957,40,175,158,53,107,2,7,8,5,5,0,1,0,0,0,0,0,2,33692.0,1490,0.0442241481657366,22,67.73,44,104,0,0,1,0,0,0,0,1,0,0
1967,77870.0,0,1,93,1017,50,500,65,50,133,3,5,5,5,8,0,1,0,1,0,0,1,3,25956.67,1815,0.069924223715908,18,100.83,47,24,0,0,1,0,0,0,1,0,0,0
1968,57107.0,0,1,44,159,0,120,0,0,137,7,4,4,8,8,0,1,0,0,1,0,1,2,28553.5,416,0.0145691421366907,23,18.09,46,26,0,0,1,0,0,0,0,1,0,0
1956,91249.0,0,0,84,1324,27,119,71,108,27,0,7,9,6,4,0,1,1,1,1,0,1,1,91249.0,1676,0.0183673245734199,22,76.18,58,83,0,0,1,0,0,0,0,1,0,0
1943,77598.0,0,0,53,1193,33,281,129,66,33,1,7,5,13,3,0,0,1,0,0,0,0,1,77598.0,1735,0.0223588236810227,26,66.73,71,429,0,0,0,1,0,0,0,1,0,0
1969,55212.0,0,1,65,1103,0,45,0,0,34,3,4,2,11,8,0,1,0,0,1,0,0,3,18404.0,1182,0.0642251684416431,20,59.1,45,117,0,0,0,0,1,0,1,0,0,0
1957,64849.0,0,0,42,652,48,350,94,84,108,1,9,3,6,5,0,0,0,0,0,0,1,1,64849.0,1336,0.0206017055004703,19,70.32,57,107,0,0,1,0,0,0,0,1,0,0
1956,54998.0,0,1,3,154,22,202,39,30,8,5,4,2,9,4,0,0,0,0,0,0,1,2,27499.0,455,0.0165460562202261,20,22.75,58,224,0,0,0,0,1,0,0,1,0,0
1949,54356.0,0,1,62,710,15,30,20,0,0,3,11,2,8,8,0,0,0,0,0,0,1,2,27178.0,775,0.0285157112370299,24,32.29,65,113,0,0,0,0,1,0,0,0,0,1
1984,73356.0,0,0,56,1050,14,322,0,14,112,1,5,11,5,2,1,0,1,1,0,0,1,2,36678.0,1512,0.0412236217896286,22,68.73,30,557,0,0,0,0,1,0,1,0,0,0
1982,63211.0,0,0,3,145,193,459,205,26,145,2,3,8,7,2,0,0,0,0,0,0,1,2,31605.5,1173,0.0371137934853111,20,58.65,32,96,0,0,1,0,0,0,1,0,0,0
1976,72335.0,0,0,2,1285,105,653,28,21,0,1,10,4,8,8,0,0,0,0,0,0,1,2,36167.5,2092,0.0578419852077141,23,90.96,38,15,0,0,0,0,1,0,0,0,1,0
1956,46998.0,0,1,55,172,41,86,45,6,27,5,5,3,5,7,1,0,0,0,0,0,0,2,23499.0,377,0.0160432358823779,18,20.94,58,85,0,0,1,0,0,0,0,1,0,0
1990,96843.0,0,0,60,448,71,951,40,17,17,1,6,11,10,2,0,0,1,0,0,0,1,1,96843.0,1544,0.0159433309583552,28,55.14,24,268,0,0,1,0,0,0,0,1,0,0
1962,71670.0,0,0,8,1462,16,128,0,0,160,1,5,3,6,6,0,1,1,0,1,0,1,1,71670.0,1766,0.0246407143853774,15,117.73,52,345,0,0,0,0,1,0,0,0,0,1
1952,40887.0,1,1,32,50,4,44,10,10,43,3,3,1,3,9,0,0,0,0,0,0,1,3,13629.0,161,0.0118130457113507,10,16.1,62,281,0,0,1,0,0,0,0,1,0,0
1949,72643.0,0,0,60,526,80,553,123,94,53,1,3,10,7,2,0,0,0,1,0,0,1,1,72643.0,1429,0.0196715444020759,21,68.05,65,213,0,0,1,0,0,0,0,0,0,1
1978,85738.0,0,0,41,913,26,376,17,26,13,1,3,6,11,1,0,1,1,0,0,0,0,2,42869.0,1371,0.0319811518813128,21,65.29,36,543,0,0,0,1,0,0,0,0,1,0
1966,55686.0,0,1,27,673,0,199,37,47,26,2,6,3,5,4,1,0,0,0,0,0,0,2,27843.0,982,0.0352691879467011,16,61.38,48,200,0,0,1,0,0,1,0,0,0,0
1983,39062.0,1,0,28,23,0,9,0,0,12,1,1,0,3,4,1,0,0,0,0,0,0,2,19531.0,44,0.0022528288362091,5,8.8,31,604,0,0,1,0,0,0,0,1,0,0
1971,34600.0,1,1,8,199,33,60,8,3,15,5,5,2,5,8,0,0,0,0,0,0,1,4,8650.0,318,0.0367630057803468,17,18.71,43,156,0,0,1,0,0,0,0,0,1,0
1979,36781.0,1,0,16,29,1,17,0,3,13,1,2,1,2,8,0,0,0,0,0,0,1,3,12260.33,63,0.00513852400384,6,10.5,35,620,0,0,1,0,0,0,1,0,0,0
1984,31385.0,1,0,56,3,2,12,0,1,9,1,1,0,2,8,1,0,0,0,0,0,1,2,15692.5,27,0.0017205671499123,4,6.75,30,129,0,0,0,1,0,0,0,1,0,0
1974,25509.0,1,0,15,40,3,30,10,7,11,3,3,0,3,9,0,0,0,0,0,0,1,2,12754.5,101,0.0079187737661217,9,11.22,40,51,0,0,0,0,1,1,0,0,0,0
1951,94642.0,0,0,35,879,143,797,106,143,143,0,5,7,9,1,0,0,1,1,0,0,0,2,47321.0,2211,0.0467234420236258,21,105.29,63,563,0,0,1,0,0,0,1,0,0,0
1963,72968.0,0,0,8,1092,37,592,145,37,55,1,5,5,8,3,0,0,0,1,0,0,1,1,72968.0,1958,0.0268336805174871,19,103.05,51,505,0,0,0,0,1,1,0,0,0,0
1947,91712.0,0,0,47,1276,24,746,94,29,48,0,9,7,11,3,0,0,1,0,0,0,1,1,91712.0,2217,0.0241734996510816,27,82.11,67,445,0,0,0,1,0,0,0,1,0,0
1958,94472.0,0,1,75,1017,33,417,108,100,16,1,5,5,5,5,0,1,1,0,0,0,0,2,47236.0,1691,0.0357989668896604,16,105.69,56,613,0,0,1,0,0,0,0,1,0,0
1980,96547.0,0,0,4,448,21,125,52,101,62,0,7,6,8,2,1,0,1,1,0,0,1,2,48273.5,809,0.0167586771209877,21,38.52,34,663,1,0,0,0,0,0,1,0,0,0
1975,79205.0,0,0,73,504,23,117,179,28,44,1,6,5,4,4,0,0,0,1,0,0,1,2,39602.5,895,0.0225995833596363,16,55.94,39,31,0,0,1,0,0,0,1,0,0,0
1973,32644.0,1,0,38,239,3,141,0,7,23,4,7,1,6,8,1,0,0,0,0,0,0,3,10881.33,413,0.037954919113748,18,22.94,41,171,0,0,0,0,1,0,1,0,0,0
1970,22979.0,1,0,29,16,17,19,20,21,22,3,3,2,2,8,0,0,0,0,0,0,1,3,7659.67,115,0.0150137016346657,10,11.5,44,39,0,0,1,0,0,0,1,0,0,0
1964,41638.0,0,1,68,315,0,31,4,0,91,4,5,5,3,8,1,0,0,0,0,0,0,2,20819.0,441,0.0211825736106441,17,25.94,50,199,0,0,1,0,0,1,0,0,0,0
1977,96876.0,0,0,79,908,43,735,40,194,21,1,7,7,9,2,0,1,1,1,0,0,1,2,48438.0,1941,0.0400718444196705,24,80.88,37,373,0,0,1,0,0,0,0,0,1,0
1958,68281.0,0,0,31,995,112,417,42,48,41,1,2,9,13,5,0,0,0,0,0,0,1,1,68281.0,1655,0.0242380750135469,25,66.2,56,9,0,0,1,0,0,0,0,1,0,0
1983,36790.0,0,0,14,3,3,14,15,21,10,1,2,1,2,9,0,0,0,0,0,0,1,2,18395.0,66,0.0035879315031258,6,11.0,31,215,0,0,1,0,0,0,1,0,0,0
1949,49912.0,0,1,5,520,8,223,32,49,42,4,10,5,7,8,1,0,0,0,0,0,1,3,16637.33,874,0.0525324676495567,26,33.62,65,40,0,0,0,1,0,0,0,0,1,0
1947,68117.0,0,1,80,618,44,215,0,17,36,2,11,8,4,6,1,0,0,0,0,0,1,2,34058.5,930,0.0273059588648942,25,37.2,67,224,0,0,0,0,1,0,0,0,0,1
1984,40059.0,1,0,82,110,29,92,28,10,145,1,6,2,3,8,1,0,0,0,0,0,0,3,13353.0,414,0.0310042687036621,12,34.5,30,426,0,0,1,0,0,0,1,0,0,0
1982,61416.0,0,0,25,848,154,323,201,61,78,1,10,3,10,6,1,0,0,0,0,0,0,2,30708.0,1665,0.0542203985932004,24,69.38,32,194,0,0,1,0,0,0,0,0,1,0
1973,65308.0,0,0,60,713,0,264,120,80,34,1,7,8,12,4,0,0,1,1,0,0,0,2,32654.0,1211,0.0370858087829974,28,43.25,41,409,0,0,1,0,0,0,1,0,0,0
1970,76467.0,1,0,44,676,161,426,210,44,58,2,2,5,5,6,0,0,0,0,0,0,1,2,38233.5,1575,0.0411942406528306,14,112.5,44,19,0,0,1,0,0,0,0,1,0,0
1975,55801.0,1,1,35,367,4,51,6,4,95,6,7,2,6,7,0,0,0,1,0,0,0,3,18600.33,527,0.0283328306540797,21,25.1,39,420,0,0,1,0,0,0,0,1,0,0
1987,42000.0,0,0,23,124,83,267,85,59,35,2,5,2,11,5,0,0,0,0,0,0,1,1,42000.0,653,0.015547619047619,20,32.65,27,165,0,0,0,0,1,0,0,1,0,0
1970,64713.0,1,0,11,180,60,241,13,54,54,2,5,5,7,4,0,0,0,0,0,0,1,2,32356.5,602,0.0186052261523959,19,31.68,44,558,0,0,1,0,0,1,0,0,0,0
1943,73779.0,0,0,75,532,126,490,164,126,126,1,5,5,11,1,0,0,1,0,0,0,1,1,73779.0,1564,0.0211984440016806,22,71.09,71,458,0,0,0,1,0,0,0,0,0,1
1959,79823.0,0,1,6,835,73,380,114,73,43,1,6,9,7,2,0,1,0,0,0,0,0,3,26607.67,1518,0.0570512186899491,23,66.0,55,610,0,0,1,0,0,0,1,0,0,0
1974,53367.0,1,1,2,229,7,140,10,3,11,7,5,1,8,7,0,0,0,0,0,0,1,3,17789.0,400,0.0224858058350666,21,19.05,40,398,0,0,0,1,0,1,0,0,0,0
1993,79244.0,0,0,58,471,102,125,212,61,245,1,4,10,7,1,0,0,1,1,0,0,1,1,79244.0,1216,0.0153450103477865,22,55.27,21,143,0,0,1,0,0,0,0,1,0,0
1949,49912.0,0,1,5,520,8,223,32,49,42,4,10,5,7,8,1,0,0,0,0,0,1,3,16637.33,874,0.0525324676495567,26,33.62,65,40,0,0,0,1,0,0,0,0,1,0
1976,81929.0,1,0,60,1486,55,278,49,0,185,2,4,4,10,6,1,0,1,0,0,0,1,3,27309.67,2053,0.0751748373378367,20,102.65,38,62,0,0,0,1,0,0,1,0,0,0
1975,76068.0,0,1,67,1115,12,128,33,12,76,1,2,3,4,6,0,1,0,0,1,0,0,3,25356.0,1376,0.0542672345795866,10,137.6,39,123,0,0,1,0,0,0,1,0,0,0
1984,14796.0,1,0,1,13,3,8,7,4,16,2,1,0,3,9,0,0,0,0,0,0,1,3,4932.0,51,0.0103406326034063,6,8.5,30,50,1,0,0,0,0,0,1,0,0,0
1974,78128.0,0,1,89,934,24,230,16,24,36,2,8,4,6,3,0,1,1,0,0,0,0,3,26042.67,1264,0.0485357300153939,20,63.2,40,570,0,0,0,0,1,0,1,0,0,0
1970,72967.0,0,1,1,158,35,179,0,0,125,2,7,2,8,5,1,0,0,0,0,0,1,2,36483.5,497,0.0136225965162333,19,26.16,44,139,0,0,1,0,0,1,0,0,0,0
1961,82332.0,0,0,89,830,59,968,51,79,19,1,5,3,12,2,0,0,1,0,0,0,1,1,82332.0,2006,0.0243647670407617,21,95.52,53,50,0,0,1,0,0,0,0,1,0,0
1981,44953.0,0,0,31,728,17,133,11,8,124,1,7,3,13,6,1,0,0,0,0,0,0,2,22476.5,1021,0.0454252218984272,24,42.54,33,145,0,0,0,0,1,0,0,0,1,0
1957,50116.0,1,1,68,54,0,10,0,0,2,2,1,0,4,5,0,1,0,0,0,0,0,4,12529.0,66,0.0052677787532923,7,9.43,57,691,0,0,1,0,0,0,0,0,1,0
1972,84906.0,0,0,98,997,15,414,99,30,76,1,5,6,12,2,0,1,1,0,1,0,0,2,42453.0,1631,0.0384189574352813,24,67.96,42,432,0,0,1,0,0,0,0,0,1,0
1986,82333.0,0,0,60,1311,0,359,46,89,17,1,4,3,10,2,0,0,1,0,0,0,1,2,41166.5,1822,0.0442592884991437,18,101.22,28,244,0,0,0,0,1,0,1,0,0,0
1965,65220.0,0,0,3,890,63,292,0,25,12,4,8,4,7,6,0,0,0,0,0,0,1,2,32610.0,1282,0.0393130941429009,23,55.74,49,36,0,0,0,0,1,0,0,0,1,0
1976,72309.0,0,0,64,960,0,883,50,38,0,1,5,6,8,3,0,0,0,1,0,0,1,1,72309.0,1931,0.0267048361891327,20,96.55,38,225,0,0,0,1,0,0,0,1,0,0
1969,40590.0,1,1,30,154,0,50,6,11,37,5,3,4,3,6,1,0,0,0,0,0,0,3,13530.0,258,0.0190687361419068,15,17.2,45,430,0,0,1,0,0,0,0,0,0,1
1966,29435.0,1,1,11,70,3,37,4,2,64,4,3,2,2,9,0,0,0,0,0,0,1,3,9811.67,180,0.0183455008168843,11,16.36,48,8,0,0,0,1,0,1,0,0,0,0
1973,65333.0,0,1,58,654,7,92,0,15,30,7,9,4,8,6,0,1,1,0,0,0,0,2,32666.5,798,0.0244286960647758,28,28.5,41,537,0,0,1,0,0,0,0,1,0,0
1957,78499.0,0,0,12,912,72,170,47,36,97,1,11,3,4,4,0,0,1,0,0,0,1,1,78499.0,1334,0.0169938470553765,19,70.21,57,482,0,0,1,0,0,0,0,1,0,0
1972,69209.0,0,0,4,496,32,849,229,48,128,2,5,3,6,4,0,0,0,1,0,0,0,2,34604.5,1782,0.0514961926917019,16,111.38,42,50,0,0,1,0,0,0,1,0,0,0
1969,40590.0,1,1,30,154,0,50,6,11,37,5,3,4,3,6,1,0,0,0,0,0,0,3,13530.0,258,0.0190687361419068,15,17.2,45,430,0,0,1,0,0,0,0,0,0,1
1955,58482.0,0,1,59,576,7,115,19,7,7,2,7,4,9,6,0,1,0,0,0,0,0,3,19494.0,731,0.0374987175541192,22,33.23,59,591,0,0,0,0,1,0,1,0,0,0
1964,60896.0,0,1,90,1013,30,399,60,46,153,3,9,10,4,6,0,0,0,0,0,0,1,3,20298.67,1701,0.0837985937009666,26,65.42,50,74,0,0,0,0,1,0,1,0,0,0
1949,74859.0,0,0,63,570,73,614,133,102,73,1,6,5,11,3,0,0,0,1,0,0,0,1,74859.0,1565,0.0209059698900599,23,68.04,65,309,1,0,0,0,0,0,0,0,0,1
1990,91172.0,0,0,94,162,28,818,0,28,56,0,4,3,7,3,1,0,1,1,1,0,1,1,91172.0,1092,0.0119773614706269,14,78.0,24,241,0,0,0,1,0,0,0,1,0,0
1984,90000.0,0,0,91,675,144,133,94,192,241,1,4,8,5,1,1,0,1,1,0,0,0,2,45000.0,1479,0.0328666666666666,18,82.17,30,512,0,0,1,0,0,0,1,0,0,0
1965,69263.0,0,1,14,492,5,32,13,5,21,1,9,1,7,6,0,1,0,0,0,0,0,2,34631.5,568,0.0164012531943461,18,31.56,49,584,0,0,1,0,0,0,0,1,0,0
1970,65706.0,0,0,77,918,10,129,13,0,129,1,11,3,12,7,0,1,1,0,1,0,1,1,65706.0,1199,0.0182479530027699,27,44.41,44,334,1,0,0,0,0,1,0,0,0,0
1955,65210.0,0,1,25,626,0,70,0,7,28,2,9,3,8,6,0,1,0,1,0,0,0,3,21736.67,731,0.0336298062214681,22,33.23,59,589,0,0,1,0,0,0,1,0,0,0
1975,79174.0,0,0,2,1074,37,518,193,92,129,1,5,6,7,2,0,0,1,1,0,0,1,2,39587.0,2043,0.0516078510622173,19,107.53,39,166,0,0,0,0,1,0,1,0,0,0
1971,52914.0,0,1,32,254,10,44,30,10,227,2,7,3,3,7,1,0,0,0,0,0,0,3,17638.0,575,0.0326000680349245,15,38.33,43,162,0,0,1,0,0,0,1,0,0,0
1972,44325.0,0,1,69,516,0,21,0,0,5,4,8,2,7,8,0,1,0,0,0,0,0,3,14775.0,542,0.0366835871404399,21,25.81,42,221,0,0,0,0,1,0,1,0,0,0
1960,67716.0,0,1,8,530,142,217,62,9,56,4,7,4,13,5,0,1,0,0,0,0,0,3,22572.0,1016,0.0450115186957292,28,36.29,54,165,0,0,1,0,0,0,1,0,0,0
1972,76234.0,0,1,21,519,50,167,130,0,41,1,8,3,11,3,0,1,0,0,0,0,0,3,25411.33,907,0.035692740206829,23,39.43,42,557,0,0,0,1,0,0,1,0,0,0
1956,84117.0,0,0,60,611,76,749,59,45,26,1,7,10,6,2,0,0,1,0,0,0,0,2,42058.5,1566,0.0372338528478191,24,65.25,58,651,0,0,0,0,1,0,1,0,0,0
1983,89616.0,0,0,36,671,47,655,145,111,15,1,7,5,12,2,0,0,0,0,0,0,1,1,89616.0,1644,0.0183449384038564,25,65.76,31,211,0,0,0,1,0,0,0,1,0,0
1957,82347.0,0,0,38,556,54,845,202,133,63,1,7,7,10,3,1,0,0,1,0,0,1,2,41173.5,1853,0.0450046753372921,25,74.12,57,100,1,0,0,0,0,0,1,0,0,0
1957,73803.0,0,1,61,833,80,363,52,26,174,2,9,5,6,6,1,0,0,0,0,0,1,3,24601.0,1528,0.0621112962887687,22,69.45,57,3,0,0,1,0,0,0,1,0,0,0
1973,55593.0,0,1,63,293,8,124,11,4,106,2,6,6,3,6,1,0,0,0,0,0,0,3,18531.0,546,0.0294641411688521,17,32.12,41,388,0,0,1,0,0,0,0,0,1,0
1954,50501.0,1,1,10,297,0,38,13,0,152,7,5,4,4,6,1,0,0,0,0,0,1,4,12625.25,500,0.0396031761747292,20,25.0,60,324,0,0,1,0,0,0,1,0,0,0
1954,32144.0,1,1,76,41,0,10,0,0,3,4,2,1,3,7,0,1,0,0,0,0,0,4,8036.0,54,0.0067197610751617,10,5.4,60,602,0,0,1,0,0,0,0,0,1,0
1982,75777.0,0,0,12,712,26,538,69,13,80,1,3,6,11,1,0,1,1,0,0,0,1,1,75777.0,1438,0.0189767343653087,21,68.48,32,340,0,0,0,1,0,0,0,1,0,0
1970,57642.0,0,1,24,580,6,58,8,0,27,3,7,6,6,4,1,0,0,0,0,0,0,2,28821.0,679,0.0235592102980465,22,30.86,44,529,0,0,0,0,1,0,0,1,0,0
1978,77423.0,0,0,53,32,2,1607,12,4,22,0,0,0,1,0,0,1,0,0,0,0,0,2,38711.5,1679,0.0433721245624685,1,1679.0,36,14,1,0,0,0,0,0,0,0,1,0
1984,11012.0,1,0,82,24,3,26,7,1,23,3,3,1,2,9,1,0,0,0,0,0,0,2,5506.0,84,0.0152560842717035,9,9.33,30,230,0,0,1,0,0,0,0,1,0,0
1946,64014.0,2,1,56,406,0,30,0,0,8,7,8,2,5,7,0,0,0,1,0,0,0,5,12802.8,444,0.034679913768863,22,20.18,68,681,0,0,0,0,1,0,0,0,1,0
1981,56981.0,0,0,91,908,48,217,32,12,24,1,2,3,13,6,0,1,0,0,0,0,0,1,56981.0,1241,0.0217791895544128,19,65.32,33,545,0,0,1,0,0,1,0,0,0,0
1954,52869.0,1,1,40,84,3,61,2,1,21,3,3,1,4,7,0,0,0,0,0,0,1,4,13217.25,172,0.0130132970171556,11,15.64,60,78,0,0,0,0,1,0,1,0,0,0
